Date,Region,Product,Customer_Segment,Sales_Units,Unit_Price,Discount,Shipping_Cost,Profit_Margin,Returns,Revenue,Month
2023-04-13,East,Desktop,Consumer,8.0,,0.1,7.34,0.11,0,4705.63,2023-04
2023-12-15,East,Monitor,Home Office,11.0,934.22,0.05,5.58,0.12,0,9762.6,2023-12
2023-09-28,North,Desktop,Consumer,8.0,965.85,,40.8,0.19,0,6567.78,2023-09
2023-04-17,South,Smartphone,Consumer,9.0,,0.05,26.47,0.15,0,4771.41,2023-04
2023-03-13,South,Laptop,Corporate,8.0,507.54,0.15,10.89,0.2,0,3451.27,2023-03
2023-07-08,West,Smartphone,Corporate,4.0,350.82,0.0,15.6,0.15,0,1403.28,2023-07
2023-01-21,South,Smartphone,Corporate,10.0,962.98,0.0,46.96,0.29,0,9629.8,2023-01
2023-04-13,North,Tablet,Corporate,14.0,228.53,0.0,43.68,0.28,0,3199.42,2023-04
2023-05-02,East,Tablet,Home Office,9.0,621.85,0.15,36.94,0.21,0,4757.15,2023-05
2023-08-03,South,Tablet,Home Office,9.0,354.3,0.0,26.7,0.17,0,3188.7,2023-08
2023-11-27,West,Tablet,Home Office,9.0,351.11,0.0,28.41,0.18,1,3159.99,2023-11
2023-03-29,South,Desktop,Corporate,11.0,464.47,0.0,48.89,0.18,0,5109.17,2023-03
2023-04-10,North,Monitor,Corporate,10.0,998.91,0.0,48.46,0.25,0,9989.1,2023-04
2023-12-26,West,Laptop,Corporate,8.0,149.47,0.05,14.69,0.19,0,1135.97,2023-12
2023-06-01,South,Smartphone,Home Office,13.0,620.69,0.0,41.5,0.27,0,8068.97,2023-06
2023-05-11,West,Desktop,Corporate,21.0,174.31,0.0,13.88,0.29,0,3660.51,2023-05
2023-05-30,North,Laptop,Consumer,13.0,239.07,0.05,14.61,0.17,0,2952.51,2023-05
2023-11-05,East,Desktop,Consumer,8.0,495.61,0.05,35.42,0.21,0,3766.64,2023-11
2023-09-15,North,Desktop,Corporate,8.0,559.41,0.15,23.23,0.12,0,3803.99,2023-09
2023-12-10,North,Smartphone,Consumer,10.0,332.91,0.1,46.92,0.14,0,2996.19,2023-12
2023-10-21,North,Monitor,Consumer,9.0,384.81,0.0,9.01,0.18,0,3463.29,2023-10
2023-07-11,North,Tablet,Home Office,8.0,178.27,0.0,28.02,0.14,0,1426.16,2023-07
2023-10-04,East,Monitor,Corporate,10.0,372.9,0.0,46.33,0.28,0,3729.0,2023-10
2023-06-10,East,Smartphone,Corporate,8.0,969.9,0.15,45.69,0.13,0,6595.32,2023-06
2023-11-10,West,Smartphone,Home Office,7.0,,0.0,12.04,0.19,0,6651.68,2023-11
2023-01-22,South,Smartphone,Consumer,10.0,401.39,0.1,21.5,0.22,0,3612.51,2023-01
2023-09-10,East,Laptop,Consumer,10.0,613.77,0.05,32.86,0.24,0,5830.82,2023-09
2023-08-24,East,Monitor,Corporate,4.0,918.64,,12.17,0.18,0,3123.38,2023-08
2023-12-11,South,Monitor,Consumer,7.0,105.57,0.05,48.56,0.27,0,702.04,2023-12
2023-02-18,East,Desktop,Home Office,6.0,829.62,0.0,46.16,0.21,0,4977.72,2023-02
2023-02-28,North,Desktop,Home Office,13.0,953.53,0.0,12.51,0.19,0,12395.89,2023-02
2023-06-19,North,Desktop,Corporate,11.0,182.19,0.0,10.45,0.11,0,2004.09,2023-06
2023-07-07,South,Smartphone,Home Office,12.0,245.3,0.1,8.84,0.19,0,2649.24,2023-07
2023-09-28,West,Monitor,Home Office,8.0,964.67,0.1,45.92,0.26,0,6945.62,2023-09
2023-07-09,West,Smartphone,Corporate,4.0,583.79,0.15,13.71,0.22,0,1984.89,2023-07
2023-06-24,South,Laptop,Home Office,9.0,112.78,0.05,23.73,0.27,0,964.27,2023-06
2023-02-20,South,Desktop,Home Office,18.0,331.87,0.0,25.2,0.2,0,5973.66,2023-02
2023-12-30,North,Smartphone,Home Office,7.0,504.95,0.0,31.96,0.12,0,3534.65,2023-12
2023-02-24,West,Smartphone,Consumer,12.0,723.62,0.0,8.23,0.1,0,8683.44,2023-02
2023-09-01,East,Laptop,Corporate,8.0,759.84,0.0,15.2,0.16,0,6078.72,2023-09
2023-11-16,North,Tablet,Corporate,10.0,995.88,0.1,46.92,0.24,0,8962.92,2023-11
2023-05-11,South,Monitor,Corporate,9.0,358.76,0.05,45.88,0.26,0,3067.4,2023-05
2023-11-03,West,Tablet,Consumer,6.0,584.4,0.05,40.16,0.16,0,3331.08,2023-11
2023-05-15,East,Desktop,Consumer,7.0,579.99,0.15,,0.2,0,3450.94,2023-05
2023-01-21,East,Smartphone,Corporate,7.0,465.08,0.1,19.72,0.18,0,2930.0,2023-01
2023-11-25,North,Laptop,Consumer,11.0,252.25,0.0,,0.18,0,2774.75,2023-11
2023-06-16,West,Laptop,Corporate,7.0,979.71,0.05,17.38,0.15,0,6515.07,2023-06
2023-10-01,West,Monitor,Consumer,18.0,867.99,0.05,45.93,0.13,0,14842.63,2023-10
2023-03-30,South,Tablet,Home Office,6.0,548.5,0.1,33.53,0.14,0,2961.9,2023-03
2023-11-12,West,Monitor,Home Office,12.0,642.92,0.15,8.24,0.11,0,6557.78,2023-11
2023-01-14,West,Smartphone,Corporate,11.0,304.53,0.15,45.91,0.14,0,2847.36,2023-01
2023-08-30,North,Monitor,Consumer,6.0,589.41,0.0,48.1,0.1,0,3536.46,2023-08
2023-09-22,West,Laptop,Consumer,13.0,725.47,0.15,8.5,0.23,0,8016.44,2023-09
2023-12-12,East,Laptop,Home Office,9.0,563.65,0.05,28.96,0.16,0,4819.21,2023-12
2023-02-22,North,Desktop,Home Office,7.0,991.26,0.15,18.65,0.29,0,5898.0,2023-02
2023-12-06,North,Desktop,Consumer,7.0,650.21,0.0,22.68,0.14,0,4551.47,2023-12
2023-04-02,South,Smartphone,Consumer,5.0,433.88,,13.08,0.17,0,2060.93,2023-04
2023-09-21,West,Tablet,Consumer,12.0,794.94,0.15,31.01,0.17,0,8108.39,2023-09
2023-02-04,South,Monitor,Consumer,8.0,253.42,0.15,48.11,0.1,0,1723.26,2023-02
2023-07-25,East,Smartphone,Consumer,9.0,446.06,0.1,27.64,0.27,0,3613.09,2023-07
2023-03-22,North,Desktop,Consumer,17.0,412.26,0.0,8.73,0.11,0,7008.42,2023-03
2023-02-19,North,Monitor,Corporate,9.0,488.63,0.15,32.9,0.29,0,3738.02,2023-02
2023-12-26,North,Desktop,Consumer,7.0,803.6,0.1,20.31,0.28,0,5062.68,2023-12
2023-01-02,East,Monitor,Home Office,9.0,535.76,0.05,,0.21,0,4580.75,2023-01
2023-02-23,East,Tablet,Corporate,7.0,814.61,0.1,24.56,0.21,0,5132.04,2023-02
2023-04-16,South,Smartphone,Consumer,15.0,618.84,0.1,13.68,0.23,0,8354.34,2023-04
2023-09-17,South,Monitor,Home Office,10.0,407.86,0.15,13.6,0.18,0,3466.81,2023-09
2023-11-06,South,Laptop,Corporate,2.0,828.98,,39.59,0.23,0,1409.27,2023-11
2023-07-10,West,Laptop,Home Office,11.0,314.46,0.15,16.95,0.11,0,2940.2,2023-07
2023-08-06,North,Monitor,Consumer,10.0,301.94,0.1,,0.11,0,2989.21,2023-08
2023-02-13,North,Monitor,Consumer,13.0,554.05,0.05,14.26,0.19,0,6842.52,2023-02
2023-06-11,South,Monitor,Consumer,9.0,,0.0,19.48,0.21,0,3012.84,2023-06
2023-07-21,North,Laptop,Consumer,10.0,108.18,0.1,25.95,0.28,0,973.62,2023-07
2023-09-27,South,Laptop,Corporate,7.0,683.47,0.15,47.44,0.12,0,4066.65,2023-09
2023-12-17,West,Monitor,Corporate,7.0,559.98,0.0,46.93,0.26,0,3919.86,2023-12
2023-10-31,West,Desktop,Home Office,14.0,500.97,0.05,14.31,0.14,0,6662.9,2023-10
2023-09-28,East,Desktop,Consumer,4.0,970.27,0.0,21.12,0.18,0,3881.08,2023-09
2023-08-03,West,Tablet,Home Office,16.0,614.08,0.15,11.72,0.16,0,8351.49,2023-08
2023-09-09,South,Smartphone,Corporate,9.0,877.09,0.1,27.95,0.18,0,7104.43,2023-09
2023-07-09,West,Desktop,Consumer,14.0,225.51,0.1,25.73,0.13,0,2841.43,2023-07
2023-10-23,East,Laptop,Consumer,11.0,612.29,0.15,45.53,0.2,0,5724.91,2023-10
2023-08-01,North,Desktop,Corporate,14.0,881.18,0.1,46.85,0.26,1,11102.87,2023-08
2023-07-27,South,Tablet,Corporate,8.0,624.8,0.15,22.26,0.19,0,4248.64,2023-07
2023-08-25,North,Tablet,Corporate,2.0,746.21,0.1,27.13,0.2,0,1343.18,2023-08
2023-12-04,East,Smartphone,Corporate,13.0,434.84,0.1,45.33,0.27,0,5087.63,2023-12
2023-02-22,East,Desktop,Corporate,9.0,183.2,0.1,41.3,0.24,0,1483.92,2023-02
2023-10-07,East,Laptop,Consumer,7.0,512.11,0.05,5.16,0.2,0,3405.53,2023-10
2023-08-05,North,Laptop,Corporate,8.0,,,19.4,0.15,0,3458.23,2023-08
2023-09-09,North,Monitor,Consumer,19.0,880.35,0.15,,0.28,0,14217.65,2023-09
2023-07-07,North,Laptop,Consumer,14.0,319.6,0.05,15.34,0.22,0,4250.68,2023-07
2023-02-10,North,Smartphone,Corporate,8.0,970.06,0.15,13.98,0.14,0,6596.41,2023-02
2023-06-06,East,Smartphone,Corporate,7.0,962.32,0.0,6.7,0.15,0,6736.24,2023-06
2023-01-15,East,Laptop,Consumer,10.0,322.87,0.0,33.95,0.26,0,2905.83,2023-01
2023-10-28,South,Laptop,Corporate,12.0,,0.05,16.81,0.11,0,4711.05,2023-10
2023-03-06,South,Monitor,Corporate,10.0,906.0,0.0,7.36,0.3,0,9060.0,2023-03
2023-12-11,North,Laptop,Corporate,11.0,969.96,0.0,15.39,0.13,0,10669.56,2023-12
2023-11-23,West,Monitor,Home Office,12.0,499.1,0.1,41.09,0.26,0,5390.28,2023-11
2023-01-09,West,Monitor,Consumer,5.0,388.9,0.1,,0.18,0,1750.05,2023-01
2023-12-10,East,Laptop,Home Office,10.0,573.48,0.15,26.74,0.2,1,4874.58,2023-12
2023-05-09,East,Tablet,Corporate,12.0,718.99,0.0,23.72,0.28,0,8627.88,2023-05
2023-05-16,East,Tablet,Home Office,12.0,346.13,0.15,,0.18,0,3530.53,2023-05
2023-03-04,South,Monitor,Corporate,14.0,762.83,0.15,14.03,0.21,0,9077.68,2023-03
2023-05-19,South,Laptop,Home Office,13.0,,0.0,14.69,0.11,0,1904.37,2023-05
2023-03-22,East,Tablet,Corporate,8.0,144.37,0.05,18.13,0.1,0,1097.21,2023-03
2023-06-12,East,Laptop,Home Office,12.0,447.66,0.0,12.77,0.15,0,5371.92,2023-06
2023-10-16,East,Laptop,Home Office,10.0,418.13,0.1,22.07,0.24,0,3763.17,2023-10
2023-09-18,West,Laptop,Home Office,12.0,384.07,0.0,45.99,0.12,0,4608.84,2023-09
2023-08-19,South,Desktop,Consumer,19.0,541.92,0.05,32.69,0.12,0,9781.66,2023-08
2023-02-10,West,Laptop,Home Office,7.0,388.66,0.15,23.54,0.18,0,2312.53,2023-02
2023-01-28,West,Desktop,Consumer,13.0,273.03,0.15,47.05,0.23,0,3016.98,2023-01
2023-05-15,East,Monitor,Corporate,19.0,378.52,0.1,7.18,0.24,0,6472.69,2023-05
2023-07-20,East,Tablet,Home Office,10.0,977.41,0.1,14.46,0.14,0,8796.69,2023-07
2023-11-24,North,Tablet,Corporate,14.0,470.0,0.1,30.46,0.12,0,5922.0,2023-11
2023-09-25,North,Tablet,Corporate,13.0,500.24,0.15,32.7,0.29,0,5527.65,2023-09
2023-02-02,West,Tablet,Home Office,9.0,618.89,0.1,6.78,0.15,0,5013.01,2023-02
2023-02-17,South,Tablet,Consumer,14.0,985.01,0.0,23.14,0.27,0,13790.14,2023-02
2023-03-03,East,Tablet,Home Office,8.0,317.44,0.15,34.21,0.27,0,2158.59,2023-03
2023-08-04,East,Tablet,Corporate,14.0,713.15,0.05,36.41,0.25,0,9484.9,2023-08
2023-10-20,West,Monitor,Corporate,13.0,744.39,,33.72,0.13,1,8225.51,2023-10
2023-04-09,North,Laptop,Home Office,11.0,646.59,0.0,19.43,0.26,0,7112.49,2023-04
2023-06-21,South,Smartphone,Consumer,8.0,179.72,0.0,9.21,0.25,0,1437.76,2023-06
2023-12-26,North,Desktop,Consumer,8.0,709.19,0.1,24.22,0.22,0,5106.17,2023-12
2023-08-02,North,Smartphone,Corporate,8.0,157.69,0.15,10.79,0.17,0,1072.29,2023-08
2023-02-04,North,Smartphone,Corporate,9.0,636.53,0.15,47.64,0.15,0,4869.45,2023-02
2023-08-15,North,Laptop,Consumer,13.0,765.62,0.15,26.38,0.12,0,8460.1,2023-08
2023-04-11,East,Laptop,Home Office,9.0,289.87,,19.28,0.2,0,2478.39,2023-04
2023-05-11,East,Laptop,Corporate,8.0,857.46,0.1,39.48,0.22,0,6173.71,2023-05
2023-09-14,North,Tablet,Consumer,9.0,127.32,0.0,27.41,0.17,0,1145.88,2023-09
2023-01-05,South,Monitor,Corporate,10.0,859.43,0.0,18.95,0.2,0,9453.73,2023-01
2023-08-06,West,Tablet,Home Office,11.0,514.3,0.1,41.54,0.17,0,5091.57,2023-08
2023-09-12,South,Monitor,Consumer,9.0,295.83,0.0,44.02,0.23,0,2662.47,2023-09
2023-12-25,South,Monitor,Corporate,5.0,220.4,0.0,35.29,0.28,0,1102.0,2023-12
2023-10-10,South,Smartphone,Home Office,8.0,957.98,0.1,7.11,0.13,0,6897.46,2023-10
2023-07-26,North,Smartphone,Corporate,22.0,165.4,0.0,30.48,0.18,0,3638.8,2023-07
2023-01-15,East,Monitor,Home Office,10.0,279.18,,39.35,0.13,0,2373.03,2023-01
2023-12-12,South,Monitor,Home Office,19.0,413.04,0.05,11.14,0.22,0,7455.37,2023-12
2023-02-11,North,Tablet,Consumer,9.0,658.21,0.1,15.29,0.25,0,5331.5,2023-02
2023-06-28,South,Tablet,Home Office,12.0,590.32,0.05,44.71,0.29,0,6729.65,2023-06
2023-03-04,South,Smartphone,Corporate,8.0,213.08,0.0,5.91,0.16,0,1704.64,2023-03
2023-12-18,North,Laptop,Home Office,8.0,360.76,0.0,38.87,0.29,0,2886.08,2023-12
2023-08-19,East,Monitor,Home Office,10.0,314.88,,,0.11,0,2676.48,2023-08
2023-08-29,East,Tablet,Consumer,8.0,292.19,0.1,25.1,0.22,0,2103.77,2023-08
2023-02-21,West,Smartphone,Home Office,4.0,470.03,0.0,5.32,0.11,0,1880.12,2023-02
2023-04-06,North,Tablet,Home Office,17.0,733.63,0.1,41.87,0.28,0,11224.54,2023-04
2023-08-10,West,Monitor,Corporate,5.0,295.71,0.1,21.19,0.21,0,1330.7,2023-08
2023-08-19,West,Monitor,Consumer,11.0,430.01,0.1,29.33,0.23,0,4257.1,2023-08
2023-08-25,West,Desktop,Consumer,8.0,451.83,,35.48,0.27,0,3253.18,2023-08
2023-05-23,East,Laptop,Consumer,18.0,978.81,0.1,36.62,0.13,0,15856.72,2023-05
2023-06-20,North,Desktop,Home Office,12.0,959.2,0.05,48.02,0.11,0,10934.88,2023-06
2023-01-29,West,Smartphone,Consumer,10.0,,0.15,28.91,0.28,0,7668.12,2023-01
2023-02-05,North,Tablet,Home Office,8.0,317.49,0.1,22.99,0.16,0,2285.93,2023-02
2023-01-13,North,Smartphone,Home Office,5.0,161.23,0.05,47.92,0.13,0,765.84,2023-01
2023-06-09,East,Monitor,Corporate,14.0,385.21,0.0,33.89,0.19,0,5392.94,2023-06
2023-11-23,West,Desktop,Corporate,11.0,340.12,0.1,18.42,0.22,0,3367.19,2023-11
2023-07-06,West,Desktop,Corporate,12.0,555.33,0.0,10.69,0.11,0,6663.96,2023-07
2023-08-31,North,Desktop,Corporate,7.0,799.96,0.1,42.91,0.15,0,5039.75,2023-08
2023-03-27,South,Smartphone,Corporate,18.0,872.49,0.05,21.3,0.11,0,14919.58,2023-03
2023-10-11,East,Monitor,Home Office,14.0,860.38,0.05,34.72,0.18,0,11443.05,2023-10
2023-03-07,East,Tablet,Home Office,5.0,423.71,0.05,26.19,0.28,0,2012.62,2023-03
2023-06-19,East,Tablet,Consumer,9.0,718.51,0.15,13.95,0.3,0,5496.6,2023-06
2023-02-14,East,Smartphone,Home Office,9.0,381.55,0.0,32.08,0.23,0,3433.95,2023-02
2023-03-03,West,Desktop,Home Office,9.0,154.81,0.15,7.73,0.13,0,1184.3,2023-03
2023-05-14,West,Laptop,Corporate,11.0,731.41,0.1,23.6,0.28,0,7240.96,2023-05
2023-10-11,South,Smartphone,Home Office,7.0,108.84,0.0,29.6,0.2,0,761.88,2023-10
2023-01-28,East,Smartphone,Corporate,5.0,468.26,0.05,24.62,0.13,0,2224.24,2023-01
2023-04-18,East,Monitor,Consumer,14.0,396.44,0.0,38.69,0.28,0,5550.16,2023-04
2023-02-13,North,Tablet,Consumer,7.0,724.04,0.05,42.26,0.25,0,4814.87,2023-02
2023-12-06,West,Smartphone,Home Office,7.0,789.62,0.15,39.71,0.25,0,4698.24,2023-12
2023-10-13,East,Smartphone,Consumer,10.0,373.69,0.15,6.75,0.24,0,3176.36,2023-10
2023-11-27,South,Desktop,Home Office,10.0,830.46,,,0.14,0,8678.31,2023-11
2023-05-08,South,Desktop,Consumer,5.0,364.53,0.05,29.15,0.14,0,1731.52,2023-05
2023-12-14,West,Laptop,Corporate,10.0,501.69,0.1,47.07,0.24,0,4515.21,2023-12
2023-08-19,South,Monitor,Corporate,11.0,754.32,0.15,42.57,0.14,0,7052.89,2023-08
2023-07-09,South,Laptop,Corporate,12.0,723.63,0.15,42.91,0.19,0,7381.03,2023-07
2023-08-13,West,Desktop,Corporate,4.0,,0.1,18.64,0.26,0,3559.07,2023-08
2023-10-10,East,Tablet,Home Office,10.0,302.64,0.15,24.33,0.26,0,3858.66,2023-10
2023-05-01,East,Desktop,Consumer,10.0,696.09,0.05,26.18,0.19,0,6612.86,2023-05
2023-04-26,South,Monitor,Home Office,9.0,648.71,0.0,12.08,0.26,0,5838.39,2023-04
2023-08-21,South,Desktop,Corporate,9.0,923.59,0.0,6.4,0.27,0,8312.31,2023-08
2023-09-16,East,Monitor,Home Office,7.0,240.73,0.15,47.61,0.23,0,1432.34,2023-09
2023-12-25,West,Monitor,Consumer,9.0,776.62,0.1,15.83,0.15,0,6290.62,2023-12
2023-07-17,South,Monitor,Home Office,10.0,611.44,0.05,15.8,0.15,0,4646.94,2023-07
2023-05-17,North,Monitor,Consumer,10.0,347.2,0.0,8.75,0.16,0,3472.0,2023-05
2023-11-14,West,Monitor,Home Office,9.0,526.99,0.05,46.78,0.12,0,4505.76,2023-11
2023-06-14,South,Tablet,Consumer,7.0,400.4,0.15,31.09,0.15,0,2382.38,2023-06
2023-08-13,South,Laptop,Consumer,6.0,621.38,0.15,,0.14,0,3169.04,2023-08
2023-11-03,North,Smartphone,Corporate,7.0,900.1,0.0,46.02,0.19,1,6300.7,2023-11
2023-08-22,North,Laptop,Consumer,12.0,612.37,0.15,20.55,0.28,0,6246.17,2023-08
2023-06-21,East,Monitor,Corporate,8.0,668.55,0.1,32.97,0.12,0,4813.56,2023-06
2023-06-01,West,Tablet,Corporate,7.0,566.87,0.15,6.75,0.24,0,3372.88,2023-06
2023-11-11,West,Desktop,Corporate,10.0,146.05,0.15,,0.24,0,1241.42,2023-11
2023-06-09,East,Tablet,Home Office,10.0,309.57,0.15,42.41,0.12,0,2105.08,2023-06
2023-04-06,West,Monitor,Home Office,13.0,542.8,0.05,39.5,0.28,0,6703.58,2023-04
2023-08-21,West,Tablet,Home Office,8.0,379.21,0.05,20.78,0.21,0,2882.0,2023-08
2023-06-29,West,Tablet,Home Office,10.0,263.59,0.0,21.96,0.17,0,3690.26,2023-06
2023-04-23,West,Monitor,Consumer,9.0,553.72,0.0,29.01,0.25,0,4983.48,2023-04
2023-11-14,West,Tablet,Consumer,10.0,390.53,0.0,5.01,0.15,0,3905.3,2023-11
2023-02-21,North,Smartphone,Home Office,12.0,332.3,0.15,15.86,0.24,0,3389.46,2023-02
2023-09-25,West,Smartphone,Consumer,11.0,517.59,0.05,14.37,0.11,0,5408.82,2023-09
2023-10-22,North,Tablet,Consumer,12.0,219.96,0.1,16.27,0.27,0,2375.57,2023-10
2023-04-23,West,Desktop,Corporate,12.0,934.97,0.15,41.27,0.19,0,9536.69,2023-04
2023-04-11,East,Monitor,Corporate,5.0,880.93,0.15,17.59,0.23,0,3743.95,2023-04
2023-04-23,South,Smartphone,Corporate,12.0,736.86,0.15,13.62,0.14,0,7515.97,2023-04
2023-03-22,North,Desktop,Corporate,6.0,195.59,0.1,27.69,0.24,0,1056.19,2023-03
2023-07-06,West,Tablet,Consumer,15.0,,0.0,43.95,0.25,0,11974.35,2023-07
2023-04-23,East,Desktop,Home Office,8.0,827.16,0.1,15.86,0.19,0,5955.55,2023-04
2023-01-02,South,Laptop,Consumer,7.0,790.99,0.0,8.53,0.22,0,5536.93,2023-01
2023-05-10,North,Smartphone,Consumer,11.0,202.57,0.1,21.04,0.19,0,2005.44,2023-05
2023-08-08,South,Tablet,Consumer,7.0,679.52,0.05,38.64,0.28,0,4518.81,2023-08
2023-02-23,East,Monitor,Corporate,10.0,850.89,0.15,29.78,0.2,0,7232.56,2023-02
2023-12-09,North,Tablet,Corporate,9.0,619.62,0.15,41.76,0.27,0,4740.09,2023-12
2023-08-12,South,Monitor,Corporate,12.0,681.77,0.15,48.18,0.26,0,6954.05,2023-08
2023-08-13,West,Tablet,Home Office,6.0,512.53,0.0,40.67,0.18,0,3075.18,2023-08
2023-05-06,North,Desktop,Consumer,9.0,575.84,0.1,32.17,0.15,0,4664.3,2023-05
2023-05-10,South,Desktop,Home Office,11.0,130.94,0.05,27.2,0.18,0,1368.32,2023-05
2023-02-22,East,Desktop,Corporate,10.0,675.07,0.1,6.8,0.27,0,3037.82,2023-02
2023-06-21,East,Laptop,Home Office,6.0,173.3,0.15,49.29,0.15,0,883.83,2023-06
2023-08-06,North,Monitor,Consumer,10.0,491.51,0.05,22.26,0.2,1,3268.54,2023-08
2023-06-09,South,Desktop,Consumer,15.0,363.39,0.05,11.85,0.26,0,5178.31,2023-06
2023-07-17,North,Laptop,Corporate,10.0,590.89,0.15,35.0,0.17,0,5022.56,2023-07
2023-09-04,North,Monitor,Corporate,4.0,220.07,0.1,17.79,0.23,0,792.25,2023-09
2023-11-20,South,Tablet,Home Office,11.0,722.48,0.15,31.36,0.15,0,6755.19,2023-11
2023-07-22,South,Laptop,Corporate,12.0,815.51,0.1,31.4,0.12,0,8807.51,2023-07
2023-07-03,West,Smartphone,Corporate,10.0,247.02,0.05,25.06,0.26,0,2346.69,2023-07
2023-05-03,South,Laptop,Consumer,10.0,193.88,,42.63,0.12,0,1841.86,2023-05
2023-09-12,East,Laptop,Corporate,13.0,230.96,0.15,16.92,0.15,0,2552.11,2023-09
2023-10-21,North,Monitor,Corporate,7.0,889.41,0.05,25.19,0.27,0,5914.58,2023-10
2023-10-07,North,Tablet,Consumer,14.0,575.37,0.0,29.2,0.17,0,8055.18,2023-10
2023-11-21,East,Smartphone,Consumer,4.0,,0.05,34.86,0.29,0,1978.01,2023-11
2023-04-08,South,Desktop,Home Office,7.0,196.04,0.0,,0.3,0,1372.28,2023-04
2023-07-17,East,Desktop,Corporate,14.0,684.6,0.05,22.77,0.15,0,9105.18,2023-07
2023-08-28,East,Laptop,Consumer,4.0,881.2,0.15,34.07,0.11,1,2996.08,2023-08
2023-05-24,West,Monitor,Home Office,4.0,845.37,0.15,11.78,0.24,0,2874.26,2023-05
2023-04-07,East,Monitor,Home Office,13.0,663.45,0.0,46.97,0.19,0,8624.85,2023-04
2023-07-20,North,Desktop,Corporate,8.0,167.75,0.15,22.24,0.12,0,1140.7,2023-07
2023-05-04,East,Smartphone,Corporate,8.0,201.16,0.05,37.83,0.24,0,1528.82,2023-05
2023-07-06,North,Tablet,Home Office,10.0,,0.05,5.92,0.11,0,548.64,2023-07
2023-11-22,North,Smartphone,Consumer,10.0,331.73,0.15,,0.27,1,2819.7,2023-11
2023-12-15,North,Tablet,Home Office,11.0,222.1,0.05,26.92,0.13,0,2320.94,2023-12
2023-09-16,South,Desktop,Corporate,12.0,334.04,0.1,44.52,0.13,0,3607.63,2023-09
2023-05-28,West,Tablet,Consumer,13.0,446.55,0.1,28.73,0.14,0,5224.64,2023-05
2023-09-09,North,Monitor,Consumer,11.0,948.68,0.05,46.84,0.29,0,9913.71,2023-09
2023-12-12,North,Laptop,Home Office,10.0,649.34,0.15,26.77,0.24,0,5519.39,2023-12
2023-05-27,South,Laptop,Corporate,12.0,851.48,0.0,27.07,0.26,0,10217.76,2023-05
2023-05-28,North,Desktop,Home Office,12.0,739.32,0.15,10.39,0.18,1,7541.06,2023-05
2023-12-18,East,Monitor,Home Office,7.0,201.25,0.0,41.12,0.17,0,1408.75,2023-12
2023-07-18,East,Smartphone,Home Office,13.0,762.33,0.15,16.11,0.15,0,8423.75,2023-07
2023-11-04,West,Monitor,Consumer,11.0,347.59,0.05,45.48,0.2,0,3632.32,2023-11
2023-05-08,North,Laptop,Consumer,6.0,675.2,0.1,45.99,0.21,0,3646.08,2023-05
2023-02-08,South,Laptop,Corporate,12.0,406.87,0.15,47.45,0.23,0,4150.07,2023-02
2023-12-04,East,Monitor,Corporate,7.0,997.91,0.0,28.41,0.15,0,6985.37,2023-12
2023-12-26,South,Monitor,Home Office,10.0,337.2,0.1,35.47,0.29,0,2124.36,2023-12
2023-05-09,South,Laptop,Home Office,9.0,,0.0,40.03,0.13,0,3160.98,2023-05
2023-09-24,East,Smartphone,Home Office,10.0,937.61,0.05,10.9,0.29,0,8907.3,2023-09
2023-05-31,South,Desktop,Corporate,9.0,122.18,0.1,32.04,0.1,0,989.66,2023-05
2023-10-25,East,Desktop,Consumer,8.0,727.02,0.0,6.54,0.2,0,5816.16,2023-10
2023-04-09,South,Monitor,Consumer,8.0,752.79,0.15,27.39,0.17,0,5118.97,2023-04
2023-09-20,East,Desktop,Home Office,11.0,852.74,0.05,11.97,0.19,0,8911.13,2023-09
2023-09-09,North,Laptop,Home Office,8.0,,0.05,13.23,0.21,0,7425.2,2023-09
2023-05-24,West,Laptop,Home Office,12.0,978.04,0.05,21.43,0.19,0,11149.66,2023-05
2023-12-12,East,Monitor,Home Office,11.0,158.75,0.15,24.46,0.18,0,1484.31,2023-12
2023-04-22,East,Monitor,Corporate,7.0,839.66,0.15,33.04,0.25,0,4995.98,2023-04
2023-03-01,West,Monitor,Consumer,12.0,681.68,0.1,8.35,0.24,0,7362.14,2023-03
2023-01-02,East,Smartphone,Home Office,9.0,682.61,0.15,27.67,0.27,0,5221.97,2023-01
2023-10-31,East,Desktop,Corporate,7.0,215.51,0.1,13.22,0.15,0,1357.71,2023-10
2023-09-11,South,Monitor,Home Office,14.0,685.17,0.05,30.83,0.22,0,9112.76,2023-09
2023-05-20,West,Tablet,Home Office,10.0,984.23,0.1,33.68,0.22,0,8858.07,2023-05
2023-02-06,North,Tablet,Consumer,12.0,920.64,0.0,30.05,0.17,0,11047.68,2023-02
2023-06-09,East,Laptop,Home Office,14.0,495.22,0.05,38.22,0.2,0,6586.43,2023-06
2023-01-09,West,Desktop,Consumer,10.0,135.95,0.05,20.1,0.16,0,1420.68,2023-01
2023-08-21,South,Monitor,Consumer,8.0,426.06,0.1,39.43,0.13,0,3067.63,2023-08
2023-04-09,North,Tablet,Consumer,6.0,843.75,0.05,24.47,0.14,0,4809.38,2023-04
2023-05-27,West,Desktop,Corporate,9.0,731.35,0.15,26.79,0.12,0,5594.83,2023-05
2023-10-31,North,Laptop,Corporate,11.0,513.41,0.0,34.16,0.24,0,5647.51,2023-10
2023-07-27,North,Smartphone,Consumer,11.0,149.59,0.1,5.83,0.23,0,1480.94,2023-07
2023-05-11,North,Desktop,Home Office,11.0,484.21,0.1,34.43,0.29,0,4793.68,2023-05
2023-06-01,East,Desktop,Consumer,11.0,522.12,0.05,32.84,0.25,1,5456.15,2023-06
2023-02-23,East,Smartphone,Home Office,11.0,935.7,0.15,18.94,0.11,0,8748.8,2023-02
2023-04-30,South,Desktop,Consumer,9.0,676.98,0.05,8.86,0.28,0,5788.18,2023-04
2023-06-10,South,Laptop,Home Office,9.0,380.49,0.05,9.09,0.27,0,3253.19,2023-06
2023-04-26,West,Laptop,Corporate,16.0,572.79,0.1,,0.19,0,8248.18,2023-04
2023-03-16,South,Smartphone,Home Office,10.0,159.45,0.05,,0.22,0,1514.78,2023-03
2023-04-23,North,Monitor,Consumer,11.0,975.31,0.0,10.72,0.3,0,10728.41,2023-04
2023-04-14,North,Tablet,Corporate,12.0,424.05,0.05,21.05,0.21,0,4834.17,2023-04
2023-12-06,East,Monitor,Home Office,12.0,530.08,0.05,,0.28,0,6042.91,2023-12
2023-09-11,North,Desktop,Home Office,9.0,419.76,0.1,42.6,0.12,0,3400.06,2023-09
2023-08-15,West,Tablet,Home Office,10.0,714.26,0.05,6.96,0.14,0,4071.28,2023-08
2023-04-22,North,Smartphone,Home Office,12.0,696.01,0.15,15.65,0.19,0,7099.3,2023-04
2023-04-09,North,Smartphone,Home Office,11.0,743.79,0.1,45.04,0.22,0,7363.52,2023-04
2023-06-02,West,Tablet,Corporate,6.0,341.33,0.05,5.41,0.26,0,1945.58,2023-06
2023-12-15,South,Laptop,Corporate,11.0,384.1,0.0,14.06,0.3,0,4225.1,2023-12
2023-12-04,South,Tablet,Corporate,12.0,212.73,0.0,48.16,0.18,0,2552.76,2023-12
2023-07-13,West,Desktop,Corporate,6.0,689.96,0.1,32.6,0.11,0,3725.78,2023-07
2023-11-06,East,Laptop,Consumer,13.0,135.82,0.1,16.78,0.26,0,1589.09,2023-11
2023-06-12,North,Smartphone,Corporate,10.0,637.91,0.05,8.01,0.22,0,6060.14,2023-06
2023-07-27,West,Tablet,Home Office,9.0,882.73,0.15,6.27,0.14,0,6752.88,2023-07
2023-06-18,North,Monitor,Home Office,11.0,901.75,0.05,16.01,0.2,0,9423.29,2023-06
2023-06-10,East,Monitor,Corporate,15.0,504.13,0.0,44.67,0.25,0,7561.95,2023-06
2023-03-09,North,Desktop,Home Office,11.0,513.37,0.15,,0.25,0,4800.01,2023-03
2023-10-16,West,Monitor,Corporate,3.0,169.27,0.15,37.42,0.2,0,431.64,2023-10
2023-10-04,North,Tablet,Home Office,9.0,703.69,0.15,46.32,0.16,0,5383.23,2023-10
2023-10-31,South,Tablet,Consumer,14.0,839.13,0.05,23.36,0.29,0,11160.43,2023-10
2023-05-15,East,Monitor,Consumer,14.0,320.19,0.0,13.61,0.23,0,4482.66,2023-05
2023-07-14,East,Tablet,Corporate,12.0,479.17,0.1,28.27,0.18,0,5175.04,2023-07
2023-05-08,East,Desktop,Corporate,10.0,854.96,0.05,45.86,0.16,0,8122.12,2023-05
2023-02-02,West,Laptop,Corporate,4.0,889.41,0.1,41.2,0.25,0,3201.88,2023-02
2023-06-25,East,Desktop,Home Office,16.0,318.86,0.15,7.96,0.15,1,4336.5,2023-06
2023-01-22,South,Desktop,Corporate,9.0,595.51,0.15,36.17,0.13,0,4555.65,2023-01
2023-08-26,West,Tablet,Consumer,7.0,273.24,0.05,30.74,0.21,0,1817.05,2023-08
2023-06-07,South,Laptop,Home Office,10.0,191.69,0.0,45.84,0.16,0,1916.9,2023-06
2023-02-07,North,Tablet,Corporate,5.0,920.01,0.15,10.51,0.23,0,3910.04,2023-02
2023-08-18,North,Smartphone,Home Office,9.0,838.46,0.1,29.03,0.12,0,6791.53,2023-08
2023-12-31,North,Tablet,Home Office,13.0,784.03,0.1,44.58,0.23,0,9173.15,2023-12
2023-02-20,North,Tablet,Corporate,8.0,143.89,0.05,,0.16,0,1093.56,2023-02
2023-09-21,South,Tablet,Home Office,6.0,859.36,0.1,,0.1,1,4640.54,2023-09
2023-10-10,West,Laptop,Consumer,9.0,494.24,0.0,8.17,0.13,0,4448.16,2023-10
2023-01-27,West,Tablet,Consumer,4.0,,0.15,17.52,0.29,0,1387.74,2023-01
2023-08-14,East,Laptop,Home Office,10.0,591.83,0.1,19.6,0.27,0,6924.41,2023-08
2023-10-04,South,Monitor,Corporate,10.0,182.22,0.1,47.53,0.15,1,1311.98,2023-10
2023-10-13,North,Smartphone,Home Office,6.0,780.98,0.15,17.72,0.26,0,3983.0,2023-10
2023-04-07,South,Laptop,Consumer,10.0,624.19,0.05,25.74,0.22,0,5929.8,2023-04
2023-10-11,East,Monitor,Home Office,11.0,267.93,0.1,35.21,0.29,0,2652.51,2023-10
2023-11-13,East,Laptop,Home Office,6.0,269.41,,12.3,0.17,0,1535.64,2023-11
2023-10-31,South,Laptop,Consumer,10.0,265.82,0.05,26.89,0.24,0,2525.29,2023-10
2023-05-27,South,Smartphone,Home Office,11.0,151.3,0.1,38.23,0.11,0,1497.87,2023-05
2023-01-04,South,Desktop,Home Office,10.0,629.02,0.0,44.01,0.18,0,6290.2,2023-01
2023-02-04,West,Desktop,Corporate,10.0,856.31,0.05,33.18,0.29,0,8134.94,2023-02
2023-07-11,North,Laptop,Corporate,13.0,115.75,0.1,35.11,0.21,0,1354.28,2023-07
2023-02-18,South,Tablet,Consumer,9.0,144.1,0.05,10.68,0.16,0,1232.05,2023-02
2023-01-17,South,Monitor,Consumer,12.0,615.49,0.15,47.56,0.12,0,6278.0,2023-01
2023-06-21,South,Tablet,Consumer,10.0,837.55,0.0,10.97,0.24,0,11725.7,2023-06
2023-08-08,East,Tablet,Corporate,10.0,394.07,0.0,39.86,0.23,1,3940.7,2023-08
2023-06-07,East,Laptop,Consumer,9.0,414.65,0.15,16.92,0.17,0,3172.07,2023-06
2023-02-15,West,Laptop,Consumer,10.0,636.71,0.15,47.01,0.29,0,5412.04,2023-02
2023-01-06,North,Laptop,Consumer,10.0,346.79,0.05,,0.1,0,3294.5,2023-01
2023-04-09,West,Laptop,Corporate,14.0,123.95,0.15,38.92,0.16,0,1475.0,2023-04
2023-08-21,North,Desktop,Home Office,14.0,761.71,0.0,14.86,0.28,0,10663.94,2023-08
2023-02-06,East,Laptop,Consumer,8.0,663.08,0.15,24.94,0.16,0,4508.94,2023-02
2023-10-07,East,Desktop,Home Office,13.0,622.68,0.1,,0.15,0,7285.36,2023-10
2023-12-15,East,Desktop,Consumer,6.0,767.52,0.1,39.65,0.21,0,4144.61,2023-12
2023-10-29,West,Laptop,Home Office,11.0,707.71,0.05,9.68,0.26,0,7395.57,2023-10
2023-06-30,South,Smartphone,Corporate,11.0,285.29,0.0,48.31,0.12,0,3138.19,2023-06
2023-04-05,South,Monitor,Corporate,10.0,417.23,0.1,45.06,0.29,0,3755.07,2023-04
2023-04-09,East,Tablet,Consumer,12.0,213.5,0.15,17.17,0.26,0,2177.7,2023-04
2023-07-07,South,Desktop,Home Office,11.0,216.87,0.1,42.02,0.14,0,2147.01,2023-07
2023-04-26,South,Monitor,Corporate,8.0,708.58,0.1,28.32,0.24,0,5101.78,2023-04
2023-07-10,West,Smartphone,Consumer,7.0,872.74,0.05,25.78,0.18,0,5803.72,2023-07
2023-09-10,North,Tablet,Consumer,6.0,966.46,0.15,19.15,0.18,0,4928.95,2023-09
2023-06-10,East,Tablet,Corporate,13.0,665.51,0.15,31.14,0.26,0,7353.89,2023-06
2023-09-13,East,Desktop,Corporate,5.0,265.69,0.15,37.85,0.29,0,1129.18,2023-09
2023-11-19,West,Laptop,Consumer,6.0,195.09,0.05,23.49,0.13,0,1112.01,2023-11
2023-05-08,West,Smartphone,Home Office,7.0,831.57,0.15,33.31,0.18,0,4947.84,2023-05
2023-01-18,South,Desktop,Home Office,14.0,620.88,0.15,36.47,0.2,0,7388.47,2023-01
2023-10-08,East,Smartphone,Home Office,8.0,656.46,0.1,37.0,0.18,1,4726.51,2023-10
2023-08-11,North,Laptop,Consumer,11.0,803.32,0.1,7.34,0.17,0,7952.87,2023-08
2023-02-23,West,Laptop,Corporate,6.0,732.95,0.15,43.69,0.11,0,3738.05,2023-02
2023-02-27,North,Desktop,Consumer,8.0,851.01,0.0,25.62,0.24,0,6808.08,2023-02
2023-11-19,North,Laptop,Corporate,7.0,150.59,0.0,16.81,0.19,0,1054.13,2023-11
2023-12-26,East,Monitor,Home Office,15.0,772.77,0.15,15.88,0.14,0,9852.82,2023-12
2023-06-23,East,Tablet,Home Office,10.0,865.77,0.0,26.74,0.26,0,8657.7,2023-06
2023-10-07,West,Desktop,Corporate,6.0,357.52,0.05,44.91,0.26,0,2037.86,2023-10
2023-04-24,East,Smartphone,Corporate,9.0,,0.1,22.03,0.2,0,5478.84,2023-04
2023-10-15,East,Monitor,Consumer,9.0,382.75,0.05,38.74,0.16,0,3272.51,2023-10
2023-12-08,East,Desktop,Home Office,6.0,962.17,0.1,,0.23,0,5195.72,2023-12
2023-05-31,North,Laptop,Consumer,7.0,130.08,0.0,26.42,0.16,0,910.56,2023-05
2023-05-07,West,Laptop,Consumer,10.0,621.81,0.0,49.63,0.15,0,6218.1,2023-05
2023-06-04,South,Laptop,Consumer,15.0,249.85,0.15,39.67,0.25,0,3185.59,2023-06
2023-09-30,North,Laptop,Home Office,10.0,741.0,0.0,14.47,0.11,0,7410.0,2023-09
2023-04-14,East,Smartphone,Consumer,9.0,258.3,0.0,27.56,0.12,0,2324.7,2023-04
2023-10-26,North,Monitor,Consumer,6.0,311.84,0.15,15.51,0.1,0,1590.38,2023-10
2023-09-03,East,Tablet,Consumer,9.0,544.93,0.15,23.43,0.13,0,4168.71,2023-09
2023-06-25,East,Smartphone,Consumer,5.0,923.35,0.1,40.1,0.11,0,4155.08,2023-06
2023-02-08,North,Smartphone,Consumer,8.0,290.54,0.0,39.71,0.3,0,2324.32,2023-02
2023-06-19,West,Tablet,Consumer,9.0,229.82,0.1,15.26,0.16,0,1861.54,2023-06
2023-09-04,East,Tablet,Home Office,9.0,783.08,0.1,46.5,0.13,0,6342.95,2023-09
2023-01-26,West,Laptop,Consumer,6.0,550.56,0.05,31.67,0.15,0,3138.19,2023-01
2023-12-21,South,Smartphone,Corporate,7.0,920.61,,22.1,0.29,0,6444.27,2023-12
2023-11-02,East,Desktop,Consumer,9.0,231.95,0.0,27.59,0.2,1,2087.55,2023-11
2023-01-13,West,Tablet,Consumer,10.0,681.34,0.05,32.23,0.17,0,6472.73,2023-01
2023-11-12,West,Tablet,Home Office,10.0,309.59,0.1,30.2,0.27,0,1950.42,2023-11
2023-11-09,South,Monitor,Home Office,8.0,241.08,0.0,26.89,0.18,0,1928.64,2023-11
2023-02-05,West,Desktop,Corporate,12.0,715.09,,27.72,0.17,0,7722.97,2023-02
2023-06-22,West,Desktop,Corporate,14.0,634.32,0.05,12.94,0.14,0,8436.46,2023-06
2023-01-20,South,Tablet,Home Office,8.0,779.34,0.15,41.57,0.18,0,5299.51,2023-01
2023-11-17,East,Laptop,Home Office,18.0,378.52,0.1,29.38,0.16,0,6132.02,2023-11
2023-09-21,West,Monitor,Consumer,12.0,503.17,0.0,10.9,0.24,0,6038.04,2023-09
2023-05-22,West,Desktop,Home Office,8.0,464.92,0.15,39.48,0.16,1,3161.46,2023-05
2023-05-23,West,Tablet,Corporate,4.0,985.68,0.1,46.96,0.22,0,3548.45,2023-05
2023-04-02,North,Desktop,Consumer,7.0,363.02,0.1,47.63,0.11,0,2287.03,2023-04
2023-12-20,South,Monitor,Corporate,7.0,365.34,0.15,21.61,0.14,0,2173.77,2023-12
2023-11-18,North,Monitor,Consumer,10.0,419.09,0.15,11.1,0.18,0,5699.62,2023-11
2023-10-15,South,Smartphone,Home Office,5.0,608.13,0.15,28.33,0.29,0,2584.55,2023-10
2023-08-03,East,Tablet,Corporate,11.0,327.09,0.0,10.07,0.18,0,3597.99,2023-08
2023-12-08,East,Monitor,Consumer,19.0,,0.0,47.03,0.23,0,17551.44,2023-12
2023-02-20,West,Smartphone,Consumer,10.0,339.12,0.1,13.26,0.15,0,3052.08,2023-02
2023-06-02,South,Smartphone,Home Office,10.0,906.23,0.1,16.37,0.13,0,8156.07,2023-06
2023-07-05,East,Desktop,Home Office,13.0,193.13,0.05,23.3,0.11,0,2385.16,2023-07
2023-03-04,South,Desktop,Home Office,3.0,690.91,0.0,22.24,0.16,0,2072.73,2023-03
2023-07-09,East,Smartphone,Corporate,7.0,916.29,0.1,40.76,0.13,0,5772.63,2023-07
2023-05-05,North,Desktop,Consumer,9.0,251.87,0.15,25.53,0.13,0,1926.81,2023-05
2023-05-30,East,Monitor,Home Office,15.0,971.49,0.15,12.68,0.25,0,12386.5,2023-05
2023-11-10,North,Laptop,Corporate,12.0,507.6,0.0,17.02,0.1,0,6091.2,2023-11
2023-02-27,East,Monitor,Corporate,7.0,951.14,0.15,27.91,0.21,0,5659.28,2023-02
2023-12-08,West,Smartphone,Corporate,8.0,709.14,0.05,11.64,0.18,0,5389.46,2023-12
2023-11-01,North,Smartphone,Home Office,14.0,371.43,0.1,32.52,0.2,0,4680.02,2023-11
2023-06-29,East,Monitor,Home Office,12.0,269.47,0.1,30.46,0.21,0,2910.28,2023-06
2023-06-19,West,Desktop,Consumer,8.0,373.36,,37.16,0.16,0,2688.19,2023-06
2023-11-22,North,Desktop,Consumer,10.0,183.72,0.0,47.2,0.16,0,1469.76,2023-11
2023-09-28,West,Smartphone,Home Office,9.0,229.48,0.15,46.05,0.25,0,1755.52,2023-09
2023-02-23,South,Tablet,Corporate,5.0,194.19,0.05,47.57,0.27,0,922.4,2023-02
2023-04-11,South,Desktop,Corporate,15.0,480.65,0.0,16.01,0.14,0,7209.75,2023-04
2023-09-21,North,Monitor,Corporate,12.0,816.02,,10.92,0.12,0,8813.02,2023-09
2023-02-22,East,Desktop,Consumer,11.0,227.25,0.05,18.6,0.28,0,2374.76,2023-02
2023-03-01,North,Monitor,Corporate,15.0,217.29,0.1,45.28,0.17,0,2933.42,2023-03
2023-04-18,West,Smartphone,Consumer,8.0,679.09,0.1,48.74,0.21,0,4889.45,2023-04
2023-01-05,East,Desktop,Consumer,5.0,277.46,0.0,43.67,0.17,0,1387.3,2023-01
2023-04-13,South,Monitor,Corporate,10.0,187.85,0.1,9.95,0.13,0,1690.65,2023-04
2023-07-15,East,Smartphone,Corporate,4.0,250.16,0.05,47.63,0.22,0,950.61,2023-07
2023-09-19,South,Tablet,Home Office,12.0,931.36,0.1,24.05,0.21,0,10058.69,2023-09
2023-12-31,East,Monitor,Home Office,11.0,839.32,0.15,5.42,0.14,0,7847.64,2023-12
2023-12-16,East,Tablet,Corporate,5.0,418.66,0.1,24.91,0.19,0,1883.97,2023-12
2023-02-16,East,Tablet,Consumer,11.0,690.24,0.0,7.07,0.26,0,7592.64,2023-02
2023-12-21,West,Laptop,Consumer,16.0,583.55,0.05,29.47,0.22,0,8869.96,2023-12
2023-11-07,West,Desktop,Consumer,19.0,709.41,0.0,20.23,0.12,0,13478.79,2023-11
2023-11-04,North,Monitor,Consumer,8.0,714.4,0.15,26.3,0.21,0,4857.92,2023-11
2023-05-24,North,Tablet,Consumer,10.0,665.86,0.1,32.59,0.24,0,5992.74,2023-05
2023-09-26,South,Laptop,Home Office,11.0,339.49,0.0,44.1,0.26,0,3734.39,2023-09
2023-05-04,West,Smartphone,Corporate,11.0,135.11,0.0,34.79,0.23,0,1486.21,2023-05
2023-04-16,South,Monitor,Home Office,10.0,510.01,0.0,24.53,0.13,0,5100.1,2023-04
2023-06-07,North,Tablet,Consumer,9.0,901.88,,41.87,0.24,0,8116.92,2023-06
2023-05-27,South,Desktop,Consumer,10.0,612.55,0.15,45.75,0.24,0,4165.34,2023-05
2023-05-25,North,Laptop,Consumer,5.0,849.15,0.15,10.39,0.1,0,3608.89,2023-05
2023-04-30,West,Tablet,Consumer,10.0,992.46,0.1,,0.18,0,8932.14,2023-04
2023-11-15,East,Desktop,Corporate,7.0,247.25,0.1,17.8,0.17,0,1557.68,2023-11
2023-10-02,West,Tablet,Consumer,9.0,722.6,0.05,7.12,0.23,0,6178.23,2023-10
2023-04-02,South,Monitor,Corporate,12.0,706.86,0.15,35.08,0.14,0,7209.97,2023-04
2023-02-27,South,Monitor,Consumer,9.0,981.96,0.0,43.82,0.22,0,8837.64,2023-02
2023-12-12,West,Monitor,Corporate,11.0,987.04,0.0,12.33,0.28,0,10857.44,2023-12
2023-08-17,West,Laptop,Home Office,4.0,718.01,0.05,41.56,0.26,0,2728.44,2023-08
2023-04-27,North,Monitor,Consumer,16.0,319.25,,43.4,0.28,0,5108.0,2023-04
2023-11-14,South,Desktop,Corporate,4.0,818.7,0.05,46.15,0.3,0,3111.06,2023-11
2023-10-06,South,Tablet,Home Office,10.0,196.33,0.1,16.94,0.1,0,1766.97,2023-10
2023-05-07,West,Smartphone,Consumer,11.0,802.63,0.15,45.68,0.22,0,7504.59,2023-05
2023-05-09,East,Desktop,Consumer,7.0,919.18,0.05,19.43,0.18,0,6112.55,2023-05
2023-02-27,South,Desktop,Consumer,9.0,444.55,0.0,29.86,0.27,0,4000.95,2023-02
2023-05-02,East,Monitor,Corporate,12.0,667.57,0.05,,0.15,0,7610.3,2023-05
2023-01-01,West,Laptop,Corporate,4.0,487.13,0.1,6.97,0.3,0,1753.67,2023-01
2023-08-27,West,Tablet,Home Office,10.0,493.99,0.0,37.42,0.22,0,3457.93,2023-08
2023-10-17,North,Laptop,Corporate,13.0,379.33,0.1,25.0,0.26,0,4438.16,2023-10
2023-04-06,South,Tablet,Corporate,9.0,785.92,0.1,16.53,0.12,0,6365.95,2023-04
2023-05-06,East,Tablet,Consumer,14.0,942.56,0.05,13.57,0.14,0,12536.05,2023-05
2023-04-28,North,Laptop,Consumer,7.0,946.68,0.1,35.15,0.25,0,5964.08,2023-04
2023-02-17,South,Desktop,Consumer,11.0,257.3,,5.02,0.1,0,2830.3,2023-02
2023-03-30,North,Tablet,Consumer,9.0,887.27,0.1,41.27,0.26,0,7186.89,2023-03
2023-08-25,West,Laptop,Consumer,10.0,763.69,0.1,8.57,0.1,0,6873.21,2023-08
2023-09-29,South,Tablet,Consumer,9.0,327.55,0.05,13.62,0.23,0,2800.55,2023-09
2023-07-08,North,Smartphone,Consumer,13.0,,,22.38,0.17,0,1878.55,2023-07
2023-07-11,North,Desktop,Home Office,14.0,341.2,0.15,26.82,0.22,0,4060.28,2023-07
2023-03-10,East,Monitor,Home Office,14.0,920.99,0.05,20.97,0.24,0,12249.17,2023-03
2023-10-05,North,Tablet,Home Office,9.0,669.86,0.05,19.43,0.17,0,5727.3,2023-10
2023-12-15,South,Smartphone,Home Office,10.0,748.95,0.0,48.38,0.12,0,7489.5,2023-12
2023-09-04,South,Monitor,Consumer,8.0,331.44,0.0,33.87,0.11,0,2651.52,2023-09
2023-03-17,East,Monitor,Home Office,8.0,747.45,0.0,6.05,0.22,0,5979.6,2023-03
2023-06-03,South,Tablet,Consumer,8.0,125.31,0.0,24.36,0.2,0,1002.48,2023-06
2023-05-24,West,Laptop,Home Office,9.0,437.79,0.15,,0.25,0,3349.09,2023-05
2023-03-27,South,Tablet,Corporate,8.0,664.08,,18.57,0.2,0,5047.01,2023-03
2023-07-04,South,Smartphone,Home Office,9.0,,0.1,9.26,0.18,0,1875.07,2023-07
2023-10-12,North,Monitor,Home Office,12.0,840.7,0.0,39.13,0.18,0,10088.4,2023-10
2023-08-08,North,Tablet,Consumer,6.0,311.53,0.0,32.27,0.11,0,1869.18,2023-08
2023-03-10,South,Laptop,Home Office,7.0,687.05,0.0,30.66,0.17,0,4809.35,2023-03
2023-02-16,East,Tablet,Corporate,7.0,464.68,0.1,7.41,0.3,0,2927.48,2023-02
2023-04-04,North,Desktop,Consumer,10.0,636.44,0.0,11.32,0.27,0,6364.4,2023-04
2023-08-26,East,Laptop,Consumer,6.0,196.71,0.1,33.01,0.17,0,1062.23,2023-08
2023-07-23,South,Smartphone,Home Office,9.0,115.22,0.05,14.35,0.22,0,985.13,2023-07
2023-08-06,South,Monitor,Consumer,15.0,918.61,0.05,27.68,0.27,0,13090.19,2023-08
2023-12-07,West,Tablet,Consumer,9.0,342.67,0.05,29.52,0.19,0,2929.83,2023-12
2023-02-08,North,Laptop,Consumer,11.0,837.71,0.15,17.76,0.1,0,7832.59,2023-02
2023-04-10,South,Desktop,Consumer,7.0,999.42,0.1,47.68,0.11,0,6296.35,2023-04
2023-10-16,West,Laptop,Consumer,6.0,290.29,0.0,42.91,0.2,0,1741.74,2023-10
2023-09-11,North,Desktop,Consumer,9.0,,0.0,37.51,0.29,0,3047.85,2023-09
2023-08-10,South,Smartphone,Corporate,9.0,696.57,0.0,8.51,0.24,0,6269.13,2023-08
2023-12-23,South,Monitor,Home Office,11.0,968.9,0.0,9.78,0.11,0,10657.9,2023-12
2023-01-23,North,Smartphone,Corporate,13.0,924.23,0.15,27.18,0.14,0,10212.74,2023-01
2023-09-07,North,Tablet,Consumer,10.0,552.59,0.0,12.23,0.25,0,5525.9,2023-09
2023-01-10,North,Laptop,Consumer,12.0,815.6,0.15,49.02,0.27,0,8319.12,2023-01
2023-09-03,South,Desktop,Home Office,15.0,222.17,0.1,12.13,0.22,0,2999.29,2023-09
2023-11-21,South,Desktop,Corporate,10.0,979.69,0.05,26.94,0.23,0,9307.06,2023-11
2023-04-10,West,Laptop,Home Office,9.0,967.92,0.0,21.39,0.11,0,8711.28,2023-04
2023-10-17,East,Laptop,Corporate,13.0,247.36,0.05,33.77,0.27,0,3054.9,2023-10
2023-06-29,North,Tablet,Consumer,7.0,369.48,0.1,10.81,0.26,0,2327.72,2023-06
2023-08-11,South,Smartphone,Home Office,16.0,190.14,0.1,24.36,0.15,0,2738.02,2023-08
2023-09-07,South,Desktop,Home Office,9.0,344.55,0.0,17.36,0.24,0,3100.95,2023-09
2023-05-27,North,Tablet,Consumer,14.0,834.36,0.1,44.95,0.14,0,10512.94,2023-05
2023-04-06,East,Smartphone,Home Office,7.0,440.48,0.05,,0.11,0,2929.19,2023-04
2023-09-14,North,Tablet,Corporate,9.0,179.56,0.0,46.12,0.14,0,1616.04,2023-09
2023-11-21,East,Desktop,Corporate,10.0,408.0,0.15,42.48,0.14,0,3121.2,2023-11
2023-01-04,South,Laptop,Corporate,6.0,983.25,0.0,18.39,0.17,0,5899.5,2023-01
2023-01-16,East,Laptop,Corporate,10.0,666.72,0.05,40.52,0.18,0,3800.3,2023-01
2023-10-07,West,Smartphone,Consumer,8.0,474.54,0.0,6.4,0.2,0,3796.32,2023-10
2023-12-02,South,Monitor,Home Office,10.0,249.88,0.0,48.51,0.2,0,2248.92,2023-12
2023-09-04,West,Smartphone,Corporate,3.0,987.56,0.05,28.7,0.15,0,2814.55,2023-09
2023-09-15,North,Monitor,Consumer,9.0,838.76,0.0,18.65,0.11,0,7548.84,2023-09
2023-06-09,North,Tablet,Home Office,7.0,353.33,0.0,21.32,0.22,0,2473.31,2023-06
2023-12-06,North,Tablet,Home Office,15.0,163.06,0.05,7.99,0.18,0,2323.6,2023-12
2023-06-01,East,Desktop,Consumer,7.0,150.96,0.1,,0.16,0,951.05,2023-06
2023-06-27,South,Monitor,Consumer,7.0,208.34,0.05,6.77,0.27,0,1385.46,2023-06
2023-06-12,North,Desktop,Corporate,13.0,622.69,0.0,34.47,0.25,0,8094.97,2023-06
2023-02-02,North,Laptop,Home Office,13.0,,0.15,24.92,0.27,0,10341.58,2023-02
2023-06-28,South,Monitor,Home Office,6.0,547.07,0.15,47.7,0.2,0,2790.06,2023-06
2023-04-11,North,Smartphone,Consumer,9.0,858.65,0.05,16.07,0.13,0,7341.46,2023-04
2023-09-25,West,Laptop,Home Office,8.0,501.3,0.15,28.94,0.24,0,3408.84,2023-09
2023-11-19,South,Laptop,Corporate,13.0,737.73,0.0,26.71,0.14,0,9590.49,2023-11
2023-03-06,South,Smartphone,Home Office,8.0,758.69,0.0,36.63,0.19,0,6069.52,2023-03
2023-06-17,South,Laptop,Consumer,11.0,256.57,0.05,8.06,0.11,0,2681.16,2023-06
2023-11-26,West,Monitor,Consumer,9.0,425.09,0.0,13.72,0.27,0,3825.81,2023-11
2023-02-12,South,Desktop,Corporate,10.0,673.57,0.1,14.66,0.13,0,6062.13,2023-02
2023-02-13,West,Laptop,Corporate,7.0,163.63,0.0,38.22,0.28,0,1145.41,2023-02
2023-10-12,South,Monitor,Home Office,5.0,425.39,0.05,13.51,0.27,0,2020.6,2023-10
2023-01-12,East,Tablet,Home Office,14.0,581.32,0.1,30.81,0.19,0,7324.63,2023-01
2023-04-05,North,Monitor,Consumer,12.0,996.6,0.1,14.69,0.25,0,10763.28,2023-04
2023-10-29,East,Desktop,Corporate,11.0,527.08,0.15,43.77,0.22,0,4928.2,2023-10
2023-09-10,North,Monitor,Corporate,11.0,834.45,0.0,47.4,0.26,0,9178.95,2023-09
2023-08-30,West,Smartphone,Corporate,8.0,488.86,0.05,28.33,0.19,0,3715.34,2023-08
2023-02-04,East,Desktop,Home Office,7.0,816.75,0.15,20.85,0.26,0,4859.66,2023-02
2023-08-03,South,Tablet,Corporate,7.0,635.87,0.15,15.53,0.19,0,3783.43,2023-08
2023-12-03,North,Smartphone,Consumer,10.0,897.94,0.0,7.24,0.29,0,10775.28,2023-12
2023-03-31,North,Monitor,Consumer,4.0,469.85,0.0,17.08,0.2,1,1879.4,2023-03
2023-09-21,East,Desktop,Home Office,11.0,643.87,0.05,34.44,0.19,0,6728.44,2023-09
2023-04-03,West,Tablet,Home Office,8.0,667.02,0.15,29.01,0.26,0,4535.74,2023-04
2023-03-31,East,Smartphone,Corporate,16.0,475.64,0.05,47.48,0.26,0,7229.73,2023-03
2023-04-25,West,Tablet,Home Office,10.0,229.88,,22.83,0.21,0,1953.98,2023-04
2023-04-15,West,Monitor,Consumer,5.0,184.2,0.15,36.22,0.14,0,782.85,2023-04
2023-07-15,North,Tablet,Corporate,9.0,,0.15,27.02,0.19,0,879.75,2023-07
2023-11-10,East,Laptop,Consumer,6.0,886.18,,28.07,0.29,0,5317.08,2023-11
2023-04-24,East,Smartphone,Corporate,11.0,312.83,0.15,17.05,0.25,1,2924.96,2023-04
2023-03-16,West,Tablet,Home Office,10.0,290.36,0.15,25.47,0.26,0,2468.06,2023-03
2023-08-05,East,Monitor,Corporate,5.0,762.43,0.15,26.19,0.11,0,3240.33,2023-08
2023-10-04,South,Monitor,Corporate,9.0,388.01,0.1,36.8,0.19,0,3142.88,2023-10
2023-09-06,South,Tablet,Consumer,12.0,555.44,,47.33,0.23,0,6665.28,2023-09
2023-06-13,East,Monitor,Consumer,10.0,246.26,0.1,19.82,0.27,0,2216.34,2023-06
2023-12-23,East,Desktop,Corporate,12.0,963.77,0.0,6.9,0.11,0,11565.24,2023-12
2023-07-11,West,Desktop,Home Office,17.0,,0.05,27.33,0.27,0,13992.68,2023-07
2023-08-15,South,Desktop,Home Office,7.0,877.41,0.1,29.5,0.21,0,5527.68,2023-08
2023-06-26,South,Laptop,Consumer,11.0,466.1,0.05,12.58,0.14,0,4870.74,2023-06
2023-04-09,North,Tablet,Home Office,8.0,786.13,,39.22,0.16,0,5345.68,2023-04
2023-02-05,West,Laptop,Consumer,10.0,229.49,0.05,49.32,0.16,0,2180.16,2023-02
2023-04-06,North,Monitor,Home Office,6.0,107.76,0.05,47.56,0.21,0,614.23,2023-04
2023-06-01,South,Laptop,Corporate,11.0,117.98,,13.87,0.11,0,1232.89,2023-06
2023-05-31,West,Monitor,Consumer,9.0,627.94,0.05,44.39,0.13,0,5368.89,2023-05
2023-07-09,East,Monitor,Consumer,13.0,509.86,0.0,36.7,0.26,0,6628.18,2023-07
2023-08-12,West,Smartphone,Corporate,10.0,566.21,0.1,25.42,0.13,0,4586.3,2023-08
2023-02-06,East,Desktop,Consumer,11.0,106.72,0.0,29.33,0.15,0,1173.92,2023-02
2023-09-25,East,Monitor,Home Office,5.0,480.42,0.0,43.23,0.19,0,2402.1,2023-09
2023-07-02,West,Smartphone,Home Office,9.0,746.26,0.0,26.61,0.2,0,6716.34,2023-07
2023-01-13,East,Desktop,Consumer,9.0,498.42,0.05,21.79,0.25,0,4261.49,2023-01
2023-10-06,North,Monitor,Home Office,5.0,759.0,0.0,,0.19,0,3795.0,2023-10
2023-08-05,South,Monitor,Consumer,5.0,309.72,0.1,31.06,0.26,0,1393.74,2023-08
2023-12-21,East,Laptop,Corporate,10.0,831.83,0.0,13.51,0.22,0,8318.3,2023-12
2023-12-27,North,Laptop,Consumer,13.0,629.59,0.15,45.54,0.12,0,6956.97,2023-12
2023-10-13,East,Desktop,Corporate,8.0,289.69,0.05,35.34,0.13,0,2201.64,2023-10
2023-09-30,South,Monitor,Home Office,12.0,313.05,0.15,33.5,0.19,0,3193.11,2023-09
2023-03-03,North,Tablet,Corporate,8.0,665.23,0.1,9.48,0.18,0,4789.66,2023-03
2023-03-25,South,Laptop,Home Office,11.0,,0.1,32.19,0.25,0,8384.8,2023-03
2023-08-05,South,Desktop,Consumer,11.0,474.07,0.1,10.44,0.22,0,4693.29,2023-08
2023-12-08,North,Monitor,Home Office,12.0,332.47,0.1,8.54,0.18,0,3590.68,2023-12
2023-07-06,North,Monitor,Consumer,14.0,880.31,0.0,28.73,0.13,0,12324.34,2023-07
2023-01-19,North,Tablet,Consumer,12.0,,0.05,23.13,0.15,0,8006.68,2023-01
2023-06-26,West,Desktop,Corporate,7.0,503.28,0.1,31.5,0.22,0,3170.66,2023-06
2023-04-10,North,Monitor,Corporate,8.0,539.11,0.15,9.01,0.18,0,3665.95,2023-04
2023-08-21,North,Laptop,Corporate,11.0,283.83,0.1,24.39,0.2,0,2809.92,2023-08
2023-03-17,North,Tablet,Corporate,7.0,664.12,0.05,12.87,0.13,0,4416.4,2023-03
2023-09-22,North,Desktop,Home Office,18.0,422.87,0.15,,0.23,0,6469.91,2023-09
2023-10-11,East,Tablet,Home Office,10.0,996.08,0.15,30.25,0.27,0,8466.68,2023-10
2023-07-25,West,Laptop,Home Office,10.0,532.17,0.15,35.93,0.15,0,4523.44,2023-07
2023-08-11,South,Desktop,Consumer,3.0,537.3,,19.64,0.2,0,1611.9,2023-08
2023-02-21,North,Tablet,Home Office,11.0,609.27,0.1,9.26,0.3,0,6031.77,2023-02
2023-12-05,East,Smartphone,Home Office,7.0,925.08,0.0,48.91,0.17,0,6475.56,2023-12
2023-05-24,East,Laptop,Home Office,13.0,820.74,0.15,17.88,0.22,0,9069.18,2023-05
2023-03-10,East,Laptop,Corporate,10.0,506.02,0.0,24.07,0.12,0,5060.2,2023-03
2023-04-09,South,Laptop,Home Office,7.0,746.83,0.0,34.24,0.22,0,5227.81,2023-04
2023-01-25,North,Smartphone,Consumer,13.0,627.61,0.0,6.11,0.12,1,8158.93,2023-01
2023-02-22,West,Smartphone,Corporate,12.0,543.13,0.1,41.46,0.29,0,5865.8,2023-02
2023-05-31,West,Monitor,Consumer,11.0,273.08,0.15,29.15,0.24,0,2553.3,2023-05
2023-05-24,East,Tablet,Home Office,7.0,517.54,0.15,17.52,0.26,0,3079.36,2023-05
2023-02-26,South,Monitor,Corporate,10.0,321.24,0.1,7.77,0.24,0,2891.16,2023-02
2023-02-08,South,Tablet,Consumer,15.0,923.36,0.0,12.31,0.22,0,13850.4,2023-02
2023-04-19,South,Smartphone,Home Office,8.0,401.87,,45.28,0.19,0,3214.96,2023-04
2023-06-30,West,Smartphone,Consumer,8.0,957.04,0.05,35.87,0.27,0,7273.5,2023-06
2023-02-11,East,Monitor,Consumer,9.0,579.75,0.05,16.25,0.29,0,4956.86,2023-02
2023-07-05,North,Desktop,Consumer,9.0,668.39,0.05,7.95,0.2,0,5714.73,2023-07
2023-08-11,West,Monitor,Home Office,16.0,588.65,0.1,36.08,0.29,0,8476.56,2023-08
2023-05-02,East,Tablet,Home Office,6.0,216.44,0.15,30.76,0.22,0,1103.84,2023-05
2023-05-13,East,Monitor,Consumer,19.0,438.24,0.05,23.2,0.21,0,7910.23,2023-05
2023-06-12,North,Laptop,Corporate,4.0,189.23,0.15,21.36,0.19,0,643.38,2023-06
2023-08-03,North,Tablet,Corporate,10.0,660.66,0.15,14.76,0.14,0,5615.61,2023-08
2023-08-09,North,Tablet,Home Office,9.0,502.19,0.15,35.13,0.1,0,3841.75,2023-08
2023-08-23,South,Desktop,Home Office,9.0,800.19,0.1,48.68,0.15,0,6481.54,2023-08
2023-11-27,North,Smartphone,Home Office,14.0,298.42,0.1,12.91,0.2,0,3760.09,2023-11
2023-05-26,East,Tablet,Home Office,9.0,248.11,0.1,31.87,0.18,0,2009.69,2023-05
2023-08-27,North,Smartphone,Home Office,9.0,465.7,0.1,24.09,0.19,0,3772.17,2023-08
2023-03-17,East,Monitor,Corporate,16.0,933.93,0.05,25.1,0.3,0,14195.74,2023-03
2023-01-09,West,Laptop,Home Office,17.0,739.38,0.0,16.44,0.17,0,12569.46,2023-01
2023-03-15,South,Desktop,Consumer,10.0,477.03,0.0,42.13,0.19,0,4770.3,2023-03
2023-09-10,West,Smartphone,Consumer,11.0,565.54,0.0,26.84,0.13,0,6220.94,2023-09
2023-08-18,West,Tablet,Corporate,8.0,175.79,0.05,29.45,0.11,0,1336.0,2023-08
2023-01-07,East,Smartphone,Consumer,9.0,986.12,0.0,18.71,0.26,0,8875.08,2023-01
2023-06-23,West,Tablet,Corporate,12.0,699.77,0.05,13.18,0.21,0,7977.38,2023-06
2023-05-21,East,Smartphone,Corporate,4.0,,0.05,8.87,0.25,0,1356.07,2023-05
2023-06-17,North,Tablet,Consumer,11.0,627.23,0.05,37.14,0.13,0,6554.55,2023-06
2023-06-19,North,Monitor,Home Office,13.0,198.53,0.0,13.83,0.21,0,2580.89,2023-06
2023-10-10,East,Tablet,Consumer,15.0,969.25,0.15,36.05,0.15,0,12357.94,2023-10
2023-05-02,North,Tablet,Consumer,8.0,257.31,0.0,22.57,0.15,0,2058.48,2023-05
2023-07-13,South,Laptop,Corporate,6.0,683.23,0.0,23.71,0.1,0,4099.38,2023-07
2023-01-05,West,Tablet,Consumer,11.0,320.91,0.1,26.11,0.13,0,3177.01,2023-01
2023-01-29,South,Laptop,Corporate,16.0,745.81,0.05,21.55,0.16,0,11336.31,2023-01
2023-06-14,West,Desktop,Home Office,11.0,,0.15,9.53,0.12,0,7471.96,2023-06
2023-12-05,North,Laptop,Home Office,4.0,706.08,0.1,18.93,0.3,0,2541.89,2023-12
2023-05-16,South,Monitor,Home Office,11.0,653.05,0.15,34.87,0.16,0,6106.02,2023-05
2023-12-31,North,Laptop,Consumer,10.0,903.22,0.15,34.96,0.13,0,9980.58,2023-12
2023-11-17,West,Desktop,Corporate,16.0,170.76,0.05,17.88,0.14,0,2595.55,2023-11
2023-12-08,East,Monitor,Home Office,10.0,397.82,0.0,25.7,0.22,0,3978.2,2023-12
2023-05-25,East,Smartphone,Corporate,16.0,323.46,0.05,13.71,0.11,0,4916.59,2023-05
2023-11-23,South,Smartphone,Corporate,10.0,989.21,0.05,14.47,0.27,0,9397.5,2023-11
2023-08-05,North,Laptop,Home Office,17.0,450.45,0.1,6.04,0.29,0,6891.88,2023-08
2023-10-28,North,Laptop,Home Office,13.0,759.35,0.05,45.35,0.15,0,9377.97,2023-10
2023-05-12,South,Desktop,Corporate,6.0,,0.0,14.48,0.19,0,4297.5,2023-05
2023-10-19,East,Desktop,Home Office,11.0,290.87,0.15,15.24,0.1,0,2719.63,2023-10
2023-03-11,West,Tablet,Corporate,15.0,315.1,0.05,17.58,0.23,0,4490.18,2023-03
2023-09-09,South,Desktop,Corporate,7.0,353.16,0.15,10.73,0.18,0,2101.3,2023-09
2023-10-02,West,Tablet,Home Office,13.0,470.01,0.05,33.77,0.15,0,5804.62,2023-10
2023-12-30,East,Monitor,Consumer,8.0,310.89,0.15,8.38,0.14,0,2114.05,2023-12
2023-07-01,North,Laptop,Home Office,10.0,117.69,0.05,11.04,0.23,0,1118.06,2023-07
2023-06-16,East,Monitor,Consumer,11.0,891.45,0.1,34.01,0.18,0,8825.36,2023-06
2023-04-01,South,Desktop,Corporate,11.0,,0.15,20.28,0.14,0,9060.62,2023-04
2023-07-21,North,Monitor,Corporate,11.0,407.41,0.05,36.86,0.24,0,4257.43,2023-07
2023-12-12,South,Monitor,Consumer,11.0,404.66,0.05,30.08,0.21,1,4228.7,2023-12
2023-01-19,South,Monitor,Corporate,7.0,106.38,0.1,16.52,0.27,0,670.19,2023-01
2023-02-08,East,Desktop,Consumer,11.0,,0.1,34.29,0.12,0,7051.08,2023-02
2023-05-06,South,Monitor,Consumer,10.0,842.9,0.1,10.23,0.26,0,7586.1,2023-05
2023-06-22,East,Tablet,Corporate,12.0,,0.15,29.14,0.23,0,2365.89,2023-06
2023-05-21,North,Desktop,Consumer,9.0,,0.15,24.67,0.12,0,1864.3,2023-05
2023-08-30,East,Monitor,Home Office,7.0,811.07,0.1,17.05,0.24,0,5109.74,2023-08
2023-08-08,North,Desktop,Home Office,9.0,654.66,0.0,32.18,0.19,0,5891.94,2023-08
2023-05-06,East,Smartphone,Corporate,9.0,140.37,0.0,44.21,0.29,0,1263.33,2023-05
2023-02-27,West,Tablet,Corporate,10.0,660.29,0.05,49.95,0.13,0,6272.75,2023-02
2023-05-28,West,Monitor,Consumer,14.0,378.03,0.0,32.35,0.23,0,5292.42,2023-05
2023-11-13,South,Smartphone,Consumer,10.0,431.85,0.05,23.21,0.18,0,4102.58,2023-11
2023-12-27,East,Smartphone,Consumer,4.0,792.76,0.15,,0.29,0,2695.38,2023-12
2023-01-01,East,Desktop,Consumer,3.0,829.84,0.15,16.57,0.17,0,2116.09,2023-01
2023-12-14,North,Smartphone,Home Office,10.0,460.32,0.0,26.58,0.29,0,4603.2,2023-12
2023-07-09,South,Tablet,Home Office,14.0,952.44,0.15,21.53,0.28,0,11334.04,2023-07
2023-07-10,East,Tablet,Corporate,4.0,465.82,0.1,46.12,0.15,0,1676.95,2023-07
2023-11-08,South,Laptop,Consumer,6.0,794.65,0.1,21.57,0.26,0,4291.11,2023-11
2023-04-27,West,Tablet,Consumer,10.0,535.49,0.0,21.81,0.3,0,5354.9,2023-04
2023-05-14,East,Smartphone,Corporate,6.0,907.78,0.0,22.26,0.15,1,5446.68,2023-05
2023-02-27,East,Tablet,Consumer,10.0,916.99,0.05,42.65,0.19,0,8711.4,2023-02
2023-02-13,South,Desktop,Consumer,11.0,178.68,0.15,34.29,0.2,0,1670.66,2023-02
2023-06-22,East,Laptop,Consumer,10.0,942.84,0.05,32.64,0.16,0,8956.98,2023-06
2023-06-09,South,Smartphone,Consumer,6.0,842.98,0.05,20.04,0.1,0,4804.99,2023-06
2023-06-22,East,Laptop,Consumer,17.0,812.18,0.1,41.81,0.14,0,12426.35,2023-06
2023-11-13,North,Smartphone,Corporate,12.0,280.82,0.1,6.73,0.16,0,3032.86,2023-11
2023-10-30,South,Desktop,Consumer,9.0,824.61,0.1,44.19,0.19,0,6679.34,2023-10
2023-05-29,East,Laptop,Corporate,5.0,865.12,0.1,28.07,0.13,0,3893.04,2023-05
2023-03-21,West,Monitor,Consumer,13.0,360.24,0.05,22.92,0.27,0,4448.96,2023-03
2023-08-01,East,Smartphone,Home Office,10.0,957.03,0.1,27.37,0.24,0,8613.27,2023-08
2023-07-22,West,Monitor,Home Office,15.0,144.87,0.15,35.03,0.12,1,1847.09,2023-07
2023-09-09,West,Laptop,Home Office,8.0,234.92,0.1,5.57,0.23,0,1691.42,2023-09
2023-08-17,North,Monitor,Home Office,14.0,583.82,0.1,44.22,0.23,0,7356.13,2023-08
2023-06-13,South,Monitor,Corporate,9.0,618.21,0.1,25.1,0.29,0,5007.5,2023-06
2023-08-15,East,Laptop,Corporate,21.0,680.64,0.0,20.43,0.1,0,14293.44,2023-08
2023-05-27,North,Desktop,Consumer,13.0,115.27,0.15,11.22,0.15,0,1273.73,2023-05
2023-01-20,East,Monitor,Home Office,12.0,964.33,0.15,24.78,0.29,0,9836.17,2023-01
2023-02-16,West,Monitor,Corporate,11.0,140.13,0.05,27.33,0.29,0,1464.36,2023-02
2023-08-21,South,Desktop,Consumer,4.0,228.76,0.05,23.16,0.24,0,869.29,2023-08
2023-11-01,East,Monitor,Consumer,6.0,112.61,0.1,35.54,0.25,0,608.09,2023-11
2023-01-14,East,Monitor,Corporate,10.0,610.17,0.0,23.94,0.12,0,6101.7,2023-01
2023-05-23,West,Monitor,Home Office,6.0,,0.05,48.26,0.2,0,5352.53,2023-05
2023-01-01,East,Tablet,Consumer,9.0,699.35,0.05,31.97,0.15,0,5979.44,2023-01
2023-02-23,East,Desktop,Home Office,9.0,840.39,0.1,41.34,0.14,0,6807.16,2023-02
2023-09-16,West,Monitor,Home Office,10.0,111.95,0.1,9.92,0.26,0,1007.55,2023-09
2023-05-24,North,Desktop,Home Office,9.0,587.81,0.05,,0.13,0,5025.78,2023-05
2023-01-12,West,Smartphone,Consumer,11.0,513.61,0.05,20.16,0.19,0,5367.22,2023-01
2023-11-26,North,Smartphone,Home Office,10.0,549.07,0.15,30.63,0.29,0,4667.1,2023-11
2023-08-12,South,Monitor,Consumer,11.0,164.99,0.0,43.75,0.14,0,1814.89,2023-08
2023-09-29,North,Desktop,Home Office,10.0,715.99,0.15,8.53,0.3,0,7303.1,2023-09
2023-12-24,North,Desktop,Consumer,9.0,552.9,0.05,8.27,0.3,0,4727.29,2023-12
2023-06-05,South,Desktop,Home Office,11.0,788.63,0.15,43.26,0.21,0,7373.69,2023-06
2023-01-08,North,Tablet,Corporate,12.0,536.76,0.15,14.58,0.13,1,5474.95,2023-01
2023-05-02,West,Smartphone,Home Office,11.0,234.44,0.05,35.09,0.16,0,2449.9,2023-05
2023-12-14,North,Desktop,Home Office,6.0,683.43,0.1,29.43,0.18,0,3690.52,2023-12
2023-06-13,South,Desktop,Consumer,9.0,255.15,0.05,42.48,0.16,0,2181.53,2023-06
2023-03-31,West,Tablet,Consumer,10.0,885.16,0.1,10.63,0.16,0,7966.44,2023-03
2023-05-16,South,Tablet,Home Office,8.0,651.8,,10.84,0.29,0,4953.68,2023-05
2023-07-05,South,Desktop,Corporate,16.0,241.48,0.05,30.06,0.13,0,3670.5,2023-07
2023-11-12,East,Laptop,Corporate,10.0,966.1,0.05,47.59,0.25,0,9177.95,2023-11
2023-06-27,East,Desktop,Consumer,11.0,566.53,0.0,23.67,0.1,0,6231.83,2023-06
2023-01-28,South,Desktop,Corporate,9.0,165.61,,19.71,0.22,0,1341.44,2023-01
2023-08-08,South,Tablet,Home Office,15.0,664.15,0.0,32.3,0.28,0,9962.25,2023-08
2023-12-23,South,Tablet,Consumer,11.0,327.88,0.05,46.87,0.16,0,3426.35,2023-12
2023-02-10,East,Desktop,Home Office,9.0,823.32,0.15,42.66,0.14,0,6298.4,2023-02
2023-08-16,East,Desktop,Consumer,15.0,836.04,0.0,49.8,0.23,0,12540.6,2023-08
2023-07-11,North,Desktop,Consumer,7.0,981.05,0.1,6.02,0.24,0,6180.62,2023-07
2023-05-25,North,Tablet,Consumer,7.0,551.68,0.05,10.08,0.24,0,3668.67,2023-05
2023-07-20,South,Desktop,Consumer,8.0,509.46,0.0,32.43,0.16,0,4075.68,2023-07
2023-07-31,West,Desktop,Corporate,11.0,778.13,0.15,41.93,0.15,0,7275.52,2023-07
2023-08-08,West,Monitor,Home Office,11.0,219.22,0.0,17.84,0.29,0,2411.42,2023-08
2023-08-28,East,Laptop,Home Office,5.0,592.22,0.1,15.76,0.28,0,2664.99,2023-08
2023-02-15,East,Smartphone,Home Office,10.0,591.62,0.0,40.41,0.19,0,5916.2,2023-02
2023-02-04,East,Laptop,Consumer,8.0,180.53,0.15,7.54,0.27,0,1227.6,2023-02
2023-09-10,South,Monitor,Corporate,13.0,476.19,0.15,21.62,0.19,0,5261.9,2023-09
2023-03-23,West,Smartphone,Home Office,11.0,867.96,0.1,27.76,0.18,0,8592.8,2023-03
2023-09-13,North,Desktop,Corporate,14.0,870.54,0.15,30.22,0.13,0,10359.43,2023-09
2023-07-16,South,Monitor,Consumer,11.0,189.31,0.05,37.79,0.19,0,1978.29,2023-07
2023-10-30,North,Desktop,Home Office,8.0,181.65,0.15,20.97,0.21,0,1235.22,2023-10
2023-01-10,North,Tablet,Corporate,3.0,336.43,0.05,32.57,0.1,0,958.83,2023-01
2023-11-08,South,Monitor,Consumer,15.0,887.29,0.0,31.34,0.19,0,13309.35,2023-11
2023-10-13,North,Tablet,Corporate,7.0,216.01,0.05,29.64,0.26,0,1436.47,2023-10
2023-08-30,West,Monitor,Home Office,14.0,748.0,0.05,,0.24,1,9948.4,2023-08
2023-09-08,North,Monitor,Home Office,12.0,191.05,,16.68,0.23,0,2292.6,2023-09
2023-12-31,West,Tablet,Consumer,8.0,660.82,0.15,8.81,0.28,0,4493.58,2023-12
2023-01-05,West,Smartphone,Consumer,8.0,420.46,0.05,10.37,0.1,0,3195.5,2023-01
2023-04-29,West,Laptop,Consumer,19.0,810.02,0.15,15.11,0.21,0,13081.82,2023-04
2023-10-16,East,Desktop,Corporate,6.0,310.32,0.0,27.51,0.26,0,1861.92,2023-10
2023-03-06,North,Monitor,Corporate,12.0,675.28,0.1,42.82,0.21,0,7293.02,2023-03
2023-05-26,South,Desktop,Corporate,7.0,312.11,0.15,36.56,0.16,0,1857.05,2023-05
2023-08-12,South,Tablet,Consumer,8.0,742.29,0.15,,0.13,0,5047.57,2023-08
2023-08-27,North,Desktop,Home Office,11.0,886.31,0.1,20.79,0.28,0,8774.47,2023-08
2023-06-26,East,Tablet,Home Office,7.0,214.12,0.1,23.21,0.19,0,1348.96,2023-06
2023-09-24,East,Desktop,Corporate,8.0,879.94,0.0,22.72,0.28,0,7039.52,2023-09
2023-12-07,West,Laptop,Corporate,9.0,634.22,0.15,13.63,0.22,0,4851.78,2023-12
2023-10-09,North,Laptop,Home Office,9.0,214.4,0.15,7.75,0.23,0,1640.16,2023-10
2023-03-04,North,Laptop,Home Office,4.0,484.79,0.0,,0.26,0,1939.16,2023-03
2023-08-05,South,Laptop,Corporate,5.0,244.77,0.15,49.51,0.23,0,1040.27,2023-08
2023-12-08,North,Laptop,Corporate,8.0,730.31,0.05,12.51,0.18,0,5550.36,2023-12
2023-11-11,East,Laptop,Home Office,14.0,782.98,0.05,7.1,0.2,0,10413.63,2023-11
2023-10-10,North,Tablet,Consumer,13.0,195.22,0.05,40.08,0.26,0,2410.97,2023-10
2023-06-26,South,Monitor,Corporate,12.0,,0.15,16.37,0.17,0,5666.41,2023-06
2023-04-08,West,Desktop,Home Office,10.0,833.16,0.05,,0.18,0,7915.02,2023-04
2023-04-15,South,Laptop,Home Office,10.0,942.55,,36.68,0.12,1,8954.22,2023-04
2023-04-09,South,Tablet,Home Office,8.0,,0.0,47.56,0.28,0,4497.36,2023-04
2023-11-07,West,Tablet,Home Office,14.0,955.25,0.0,23.4,0.12,0,13373.5,2023-11
2023-01-06,South,Tablet,Consumer,17.0,582.12,0.1,34.79,0.23,0,8906.44,2023-01
2023-07-16,South,Monitor,Home Office,8.0,454.77,0.1,25.92,0.18,0,3274.34,2023-07
2023-12-17,North,Desktop,Corporate,10.0,863.38,0.1,33.38,0.18,0,4662.25,2023-12
2023-05-13,North,Monitor,Consumer,12.0,543.68,0.1,25.23,0.24,0,5871.74,2023-05
2023-12-24,West,Smartphone,Home Office,6.0,524.71,0.0,13.49,0.11,0,3148.26,2023-12
2023-09-16,North,Tablet,Consumer,12.0,541.28,0.0,27.86,0.22,0,6495.36,2023-09
2023-01-23,North,Smartphone,Corporate,14.0,862.11,0.0,28.79,0.25,0,12069.54,2023-01
2023-02-22,South,Laptop,Home Office,10.0,848.75,0.05,41.48,0.27,0,8063.12,2023-02
2023-06-14,East,Laptop,Corporate,12.0,463.17,0.05,38.1,0.13,0,5280.14,2023-06
2023-07-21,North,Monitor,Home Office,11.0,399.97,0.1,34.87,0.28,0,3959.7,2023-07
2023-03-24,East,Desktop,Home Office,12.0,542.74,0.05,10.1,0.23,0,6187.24,2023-03
2023-05-25,North,Smartphone,Home Office,12.0,615.5,0.15,,0.28,0,6278.1,2023-05
2023-03-26,North,Desktop,Home Office,14.0,314.5,0.0,27.51,0.2,0,4403.0,2023-03
2023-03-19,West,Monitor,Home Office,5.0,814.56,0.1,45.23,0.21,0,3665.52,2023-03
2023-01-01,West,Laptop,Consumer,14.0,537.83,0.1,46.39,0.28,0,6776.66,2023-01
2023-02-20,West,Desktop,Home Office,11.0,400.64,0.15,7.48,0.28,0,3745.98,2023-02
2023-06-22,East,Desktop,Home Office,8.0,196.14,0.05,41.93,0.19,0,1490.66,2023-06
2023-07-24,South,Laptop,Consumer,9.0,314.96,0.1,6.7,0.15,0,2551.18,2023-07
2023-09-17,North,Smartphone,Consumer,9.0,954.35,0.05,21.52,0.18,0,8159.69,2023-09
2023-10-15,North,Laptop,Consumer,10.0,374.59,0.05,29.4,0.18,0,3558.6,2023-10
2023-02-03,North,Desktop,Consumer,14.0,251.97,,11.66,0.16,0,2998.44,2023-02
2023-12-14,East,Smartphone,Consumer,10.0,514.61,0.1,38.58,0.15,0,4631.49,2023-12
2023-04-05,West,Smartphone,Consumer,11.0,376.38,,5.38,0.27,0,3933.17,2023-04
2023-03-13,South,Laptop,Home Office,9.0,131.64,0.05,,0.11,0,1125.52,2023-03
2023-02-08,East,Desktop,Home Office,7.0,390.83,0.15,31.14,0.24,0,2325.44,2023-02
2023-06-03,West,Monitor,Corporate,11.0,589.7,0.15,37.15,0.13,0,5513.7,2023-06
2023-09-07,East,Desktop,Home Office,10.0,596.54,0.05,46.25,0.17,0,5667.13,2023-09
2023-06-11,South,Tablet,Home Office,13.0,420.9,0.15,36.75,0.11,0,4650.94,2023-06
2023-04-28,West,Monitor,Consumer,8.0,502.57,0.05,35.23,0.15,0,3819.53,2023-04
2023-09-16,East,Smartphone,Consumer,15.0,968.97,0.1,22.75,0.25,0,13081.1,2023-09
2023-11-02,South,Monitor,Home Office,3.0,439.61,0.0,5.06,0.28,0,1318.83,2023-11
2023-09-25,North,Smartphone,Corporate,9.0,332.4,0.15,10.41,0.14,0,2542.86,2023-09
2023-02-23,South,Smartphone,Consumer,6.0,,0.0,29.05,0.19,0,1914.72,2023-02
2023-08-24,North,Monitor,Home Office,16.0,511.99,0.05,35.38,0.19,0,7782.25,2023-08
2023-08-10,East,Smartphone,Home Office,5.0,783.57,0.05,23.79,0.27,0,3721.96,2023-08
2023-09-08,West,Smartphone,Corporate,8.0,285.39,,37.88,0.25,0,2168.96,2023-09
2023-11-09,West,Tablet,Corporate,11.0,738.37,0.0,28.48,0.2,0,8122.07,2023-11
2023-04-22,East,Desktop,Consumer,5.0,119.03,0.05,8.34,0.23,0,565.39,2023-04
2023-09-12,West,Desktop,Corporate,3.0,477.04,0.15,13.64,0.27,0,1216.45,2023-09
2023-10-30,West,Tablet,Home Office,13.0,798.28,0.1,42.8,0.1,0,9339.88,2023-10
2023-07-26,North,Monitor,Home Office,9.0,404.86,0.1,37.62,0.18,0,3279.37,2023-07
2023-08-17,East,Laptop,Corporate,10.0,607.36,0.15,45.26,0.28,0,5162.56,2023-08
2023-12-07,South,Laptop,Corporate,14.0,284.48,0.1,10.29,0.25,0,3584.45,2023-12
2023-03-07,North,Laptop,Corporate,13.0,767.8,0.0,49.56,0.21,0,9981.4,2023-03
2023-03-16,East,Tablet,Corporate,7.0,147.05,0.05,14.42,0.21,0,977.88,2023-03
2023-04-13,North,Tablet,Consumer,5.0,867.29,0.05,5.53,0.17,0,4119.63,2023-04
2023-07-11,South,Smartphone,Corporate,8.0,278.38,0.05,49.88,0.2,0,2115.69,2023-07
2023-09-09,South,Laptop,Consumer,9.0,886.96,0.0,17.65,0.23,0,7982.64,2023-09
2023-08-14,East,Monitor,Home Office,13.0,417.28,0.0,35.06,0.18,0,5424.64,2023-08
2023-10-21,South,Monitor,Corporate,13.0,750.42,0.0,,0.24,0,9755.46,2023-10
2023-11-02,North,Laptop,Consumer,8.0,387.3,0.15,31.11,0.27,0,2633.64,2023-11
2023-04-08,South,Laptop,Corporate,7.0,915.32,0.0,45.68,0.13,0,6407.24,2023-04
2023-12-04,North,Laptop,Home Office,7.0,213.97,0.1,19.41,0.19,0,1348.01,2023-12
2023-10-13,North,Tablet,Home Office,8.0,260.67,0.15,35.16,0.18,0,1772.56,2023-10
2023-12-01,South,Tablet,Home Office,9.0,543.73,0.15,13.46,0.24,0,4159.53,2023-12
2023-12-13,East,Tablet,Corporate,15.0,173.74,0.15,33.12,0.15,0,2215.19,2023-12
2023-11-04,West,Desktop,Corporate,8.0,276.38,0.0,20.14,0.23,0,2211.04,2023-11
2023-09-06,South,Monitor,Consumer,17.0,949.39,0.15,14.5,0.28,0,13718.69,2023-09
2023-06-15,North,Monitor,Home Office,8.0,978.84,0.0,19.09,0.18,0,7830.72,2023-06
2023-12-01,North,Smartphone,Corporate,8.0,438.63,0.0,13.05,0.28,0,3509.04,2023-12
2023-01-30,South,Tablet,Home Office,13.0,930.96,0.15,45.59,0.3,0,10287.11,2023-01
2023-09-04,East,Desktop,Home Office,10.0,590.34,0.05,22.87,0.12,0,6169.05,2023-09
2023-04-16,East,Desktop,Consumer,7.0,342.77,0.05,16.04,0.15,1,2279.42,2023-04
2023-02-20,North,Monitor,Consumer,10.0,732.16,0.15,25.18,0.29,0,6223.36,2023-02
2023-03-22,North,Tablet,Consumer,17.0,693.01,0.05,19.42,0.29,0,11192.11,2023-03
2023-05-13,East,Smartphone,Consumer,14.0,990.21,0.1,38.5,0.12,0,12476.65,2023-05
2023-10-12,West,Tablet,Home Office,14.0,338.54,0.1,48.7,0.1,0,4265.6,2023-10
2023-05-18,South,Laptop,Consumer,10.0,704.85,0.0,24.71,0.13,0,7048.5,2023-05
2023-07-03,North,Tablet,Consumer,7.0,146.82,0.05,43.75,0.3,0,976.35,2023-07
2023-11-26,North,Laptop,Consumer,10.0,202.28,0.1,30.46,0.14,0,1456.42,2023-11
2023-09-30,East,Laptop,Consumer,9.0,103.53,0.15,12.08,0.2,0,792.0,2023-09
2023-12-06,South,Smartphone,Home Office,10.0,999.51,0.05,36.08,0.27,0,5697.21,2023-12
2023-03-10,East,Monitor,Consumer,6.0,822.05,0.1,28.1,0.1,0,4439.07,2023-03
2023-02-03,South,Tablet,Home Office,10.0,808.05,0.1,34.28,0.22,0,7272.45,2023-02
2023-09-19,South,Laptop,Corporate,12.0,558.75,0.15,45.04,0.16,0,5699.25,2023-09
2023-02-22,South,Tablet,Home Office,6.0,370.06,0.0,,0.27,0,2220.36,2023-02
2023-07-24,North,Monitor,Home Office,5.0,236.14,0.15,45.55,0.16,0,1003.59,2023-07
2023-05-06,West,Monitor,Consumer,9.0,356.21,0.0,38.78,0.24,0,3205.89,2023-05
2023-08-23,East,Desktop,Corporate,17.0,438.37,0.1,26.99,0.23,0,6707.06,2023-08
2023-02-12,West,Monitor,Corporate,6.0,780.68,0.0,32.14,0.14,0,4684.08,2023-02
2023-08-28,East,Smartphone,Corporate,9.0,585.7,0.1,19.65,0.11,0,4744.17,2023-08
2023-04-21,South,Laptop,Corporate,8.0,169.74,0.1,49.26,0.18,0,1222.13,2023-04
2023-09-06,North,Desktop,Home Office,7.0,116.23,0.05,35.03,0.16,0,772.93,2023-09
2023-05-31,West,Smartphone,Corporate,13.0,192.1,0.0,6.97,0.26,0,2497.3,2023-05
2023-07-02,North,Tablet,Home Office,8.0,469.45,0.0,,0.26,0,3755.6,2023-07
2023-12-02,East,Laptop,Home Office,11.0,939.87,0.0,33.05,0.19,0,10338.57,2023-12
2023-04-05,North,Monitor,Home Office,6.0,673.66,,7.53,0.22,0,3435.67,2023-04
2023-01-08,North,Laptop,Corporate,10.0,821.64,0.05,6.07,0.22,0,10147.25,2023-01
2023-12-26,West,Tablet,Consumer,6.0,519.74,0.05,25.25,0.27,0,2962.52,2023-12
2023-07-03,South,Desktop,Consumer,7.0,425.5,0.05,19.97,0.19,0,2829.58,2023-07
2023-10-08,North,Desktop,Corporate,11.0,197.56,0.15,24.72,0.16,0,1847.19,2023-10
2023-07-14,South,Desktop,Consumer,12.0,888.34,0.0,16.82,0.15,0,10660.08,2023-07
2023-12-18,East,Monitor,Consumer,13.0,804.84,0.0,12.41,0.21,0,10462.92,2023-12
2023-07-14,North,Smartphone,Home Office,10.0,251.31,0.0,36.01,0.19,0,2513.1,2023-07
2023-06-04,West,Smartphone,Home Office,10.0,561.03,0.05,28.16,0.19,0,3197.87,2023-06
2023-04-03,East,Laptop,Corporate,14.0,538.64,,14.01,0.12,0,7163.91,2023-04
2023-06-09,East,Monitor,Corporate,12.0,662.58,0.1,19.38,0.24,0,7155.86,2023-06
2023-03-02,West,Desktop,Consumer,12.0,951.57,0.15,31.63,0.14,0,9706.01,2023-03
2023-05-02,North,Desktop,Home Office,7.0,621.79,,,0.14,0,3699.65,2023-05
2023-02-20,North,Tablet,Corporate,4.0,586.2,,11.64,0.18,0,2227.56,2023-02
2023-10-04,East,Tablet,Corporate,8.0,145.29,0.1,8.3,0.15,0,1046.09,2023-10
2023-01-05,North,Desktop,Corporate,15.0,156.62,0.0,41.55,0.22,0,2349.3,2023-01
2023-04-02,South,Desktop,Corporate,10.0,,0.05,38.86,0.17,0,2551.8,2023-04
2023-06-19,West,Monitor,Corporate,7.0,129.22,0.15,38.9,0.19,0,768.86,2023-06
2023-11-13,South,Smartphone,Corporate,10.0,769.02,0.15,37.23,0.21,0,6536.67,2023-11
2023-01-22,North,Tablet,Consumer,10.0,751.0,0.15,35.12,0.14,0,6383.5,2023-01
2023-11-22,East,Smartphone,Home Office,7.0,222.45,0.0,26.46,0.13,0,1557.15,2023-11
2023-01-01,West,Monitor,Home Office,15.0,852.47,0.15,33.9,0.28,0,10868.99,2023-01
2023-05-13,North,Desktop,Corporate,9.0,239.31,0.0,6.73,0.19,0,2153.79,2023-05
2023-08-21,North,Smartphone,Home Office,10.0,371.06,0.0,32.97,0.18,0,4452.72,2023-08
2023-01-12,East,Desktop,Home Office,14.0,324.08,0.0,40.0,0.11,0,4537.12,2023-01
2023-12-12,East,Desktop,Home Office,7.0,435.08,0.05,27.52,0.2,0,2893.28,2023-12
2023-02-15,South,Laptop,Corporate,7.0,329.2,0.0,21.09,0.21,0,2304.4,2023-02
2023-02-03,West,Smartphone,Corporate,15.0,540.06,0.1,,0.21,0,7290.81,2023-02
2023-03-19,West,Smartphone,Home Office,9.0,466.67,0.15,33.93,0.24,0,3570.03,2023-03
2023-08-06,East,Desktop,Home Office,11.0,987.91,0.05,36.18,0.14,0,10323.66,2023-08
2023-10-28,South,Monitor,Corporate,13.0,,0.15,44.19,0.15,0,1661.15,2023-10
2023-03-14,West,Laptop,Consumer,9.0,227.96,0.0,20.41,0.26,0,2051.64,2023-03
2023-10-09,East,Desktop,Home Office,9.0,147.54,0.05,39.64,0.29,0,1261.47,2023-10
2023-09-06,North,Tablet,Consumer,10.0,,0.1,30.26,0.13,0,9550.94,2023-09
2023-02-16,West,Tablet,Home Office,12.0,149.06,0.0,44.73,0.2,0,1788.72,2023-02
2023-05-01,South,Laptop,Consumer,14.0,852.8,0.15,28.75,0.14,0,10148.32,2023-05
2023-08-02,South,Monitor,Consumer,3.0,560.74,0.1,28.29,0.11,0,1514.0,2023-08
2023-08-27,South,Desktop,Consumer,12.0,574.31,0.0,31.0,0.17,0,6891.72,2023-08
2023-02-25,North,Smartphone,Corporate,12.0,605.44,0.1,38.72,0.13,0,6538.75,2023-02
2023-12-16,West,Laptop,Consumer,11.0,253.73,0.0,48.41,0.24,0,2791.03,2023-12
2023-04-17,West,Monitor,Consumer,12.0,277.92,0.05,8.31,0.21,0,3168.29,2023-04
2023-11-15,North,Smartphone,Consumer,7.0,386.94,0.0,7.4,0.13,0,2708.58,2023-11
2023-02-17,West,Tablet,Home Office,10.0,634.15,0.05,47.19,0.1,0,7229.31,2023-02
2023-03-02,North,Tablet,Consumer,9.0,289.11,0.0,28.84,0.26,0,2601.99,2023-03
2023-12-03,North,Smartphone,Home Office,15.0,204.7,,32.67,0.14,0,3070.5,2023-12
2023-01-26,North,Laptop,Consumer,12.0,,0.15,26.71,0.22,0,9925.72,2023-01
2023-10-19,South,Tablet,Consumer,9.0,119.78,0.1,9.21,0.17,0,970.22,2023-10
2023-09-14,West,Desktop,Corporate,7.0,822.43,,39.56,0.22,0,5181.31,2023-09
2023-01-08,North,Smartphone,Home Office,7.0,809.23,0.1,38.63,0.16,0,5098.15,2023-01
2023-04-23,West,Smartphone,Consumer,14.0,367.49,0.0,19.03,0.12,0,5144.86,2023-04
2023-12-21,South,Tablet,Home Office,6.0,222.06,0.0,18.78,0.14,0,1332.36,2023-12
2023-09-10,North,Laptop,Home Office,11.0,231.07,0.0,42.7,0.14,0,2541.77,2023-09
2023-06-29,East,Desktop,Corporate,11.0,727.69,0.05,8.26,0.19,1,7604.36,2023-06
2023-07-26,South,Laptop,Corporate,11.0,678.53,0.05,44.65,0.23,0,7090.64,2023-07
2023-10-30,East,Monitor,Corporate,15.0,804.47,0.15,16.55,0.15,0,10256.99,2023-10
2023-05-07,West,Monitor,Corporate,8.0,,,31.68,0.1,0,7549.84,2023-05
2023-02-25,West,Tablet,Corporate,11.0,722.73,0.1,47.12,0.2,0,7155.03,2023-02
2023-08-02,South,Tablet,Corporate,10.0,240.27,0.1,35.52,0.22,0,2162.43,2023-08
2023-01-14,West,Tablet,Corporate,8.0,319.1,0.15,23.65,0.29,0,2169.88,2023-01
2023-01-28,East,Monitor,Corporate,10.0,857.97,0.1,36.03,0.22,0,3860.86,2023-01
2023-03-19,North,Laptop,Consumer,14.0,288.38,0.15,20.48,0.19,0,3431.72,2023-03
2023-08-04,North,Laptop,Home Office,9.0,165.27,0.0,17.48,0.21,0,1487.43,2023-08
2023-12-31,North,Tablet,Corporate,12.0,732.95,0.1,49.85,0.29,0,7915.86,2023-12
2023-06-03,South,Desktop,Corporate,11.0,462.27,0.0,,0.27,0,5084.97,2023-06
2023-01-14,West,Laptop,Home Office,7.0,928.04,0.05,34.01,0.16,0,6171.47,2023-01
2023-07-06,East,Monitor,Consumer,8.0,685.23,,20.99,0.15,0,4933.66,2023-07
2023-11-08,West,Smartphone,Home Office,10.0,181.38,0.05,7.21,0.15,0,1723.11,2023-11
2023-01-07,West,Smartphone,Home Office,6.0,953.07,0.1,6.4,0.2,0,5146.58,2023-01
2023-01-03,West,Smartphone,Corporate,10.0,332.7,0.0,29.94,0.25,0,3327.0,2023-01
2023-04-21,North,Desktop,Home Office,10.0,,0.15,39.29,0.2,0,3772.63,2023-04
2023-08-26,East,Tablet,Home Office,9.0,462.03,0.0,29.18,0.11,0,4158.27,2023-08
2023-12-29,East,Monitor,Corporate,15.0,146.1,0.0,42.84,0.24,0,2191.5,2023-12
2023-08-27,West,Desktop,Corporate,11.0,,0.0,6.5,0.26,0,6015.46,2023-08
2023-10-01,North,Monitor,Corporate,12.0,210.99,0.1,,0.16,0,2278.69,2023-10
2023-10-21,North,Monitor,Corporate,11.0,460.87,0.15,15.67,0.23,0,4309.13,2023-10
2023-08-15,East,Tablet,Home Office,10.0,415.64,0.05,25.13,0.19,0,3948.58,2023-08
2023-01-15,North,Smartphone,Home Office,10.0,795.56,0.0,8.26,0.28,0,7955.6,2023-01
2023-07-11,North,Tablet,Consumer,13.0,822.85,0.1,47.94,0.27,0,9627.35,2023-07
2023-04-29,North,Desktop,Consumer,5.0,238.07,0.05,15.05,0.21,0,1130.83,2023-04
2023-01-28,South,Desktop,Home Office,11.0,429.9,0.0,46.5,0.24,0,4728.9,2023-01
2023-07-21,West,Desktop,Consumer,8.0,436.02,0.05,24.17,0.28,0,3313.75,2023-07
2023-02-08,East,Tablet,Home Office,15.0,236.27,0.0,49.35,0.2,0,3544.05,2023-02
2023-09-30,East,Monitor,Consumer,8.0,818.61,0.05,29.93,0.16,0,6221.44,2023-09
2023-08-19,South,Monitor,Corporate,12.0,736.51,0.05,46.89,0.25,0,8396.21,2023-08
2023-03-27,West,Laptop,Consumer,10.0,271.34,,5.24,0.14,0,2306.39,2023-03
2023-05-06,East,Desktop,Corporate,7.0,430.05,0.15,38.67,0.18,0,2558.8,2023-05
2023-10-27,North,Monitor,Corporate,9.0,195.22,,45.64,0.27,0,1756.98,2023-10
2023-01-25,East,Laptop,Corporate,7.0,665.39,0.1,11.29,0.24,1,4191.96,2023-01
2023-05-25,North,Monitor,Corporate,10.0,,0.15,9.33,0.18,0,1778.45,2023-05
2023-01-13,South,Desktop,Consumer,4.0,987.34,0.05,24.11,0.14,0,3751.89,2023-01
2023-07-31,North,Smartphone,Home Office,5.0,802.61,0.15,47.02,0.17,0,3411.09,2023-07
2023-01-25,East,Desktop,Corporate,5.0,,0.15,29.41,0.16,0,1917.64,2023-01
2023-03-09,East,Tablet,Consumer,9.0,620.71,0.0,28.74,0.14,0,5586.39,2023-03
2023-03-08,East,Monitor,Corporate,8.0,920.21,0.15,11.35,0.25,0,6257.43,2023-03
2023-08-21,South,Monitor,Consumer,11.0,598.69,0.15,5.04,0.15,0,5597.75,2023-08
2023-04-19,South,Tablet,Consumer,8.0,257.05,0.05,41.46,0.19,0,1953.58,2023-04
2023-05-26,West,Tablet,Consumer,5.0,440.83,0.15,8.94,0.18,0,1873.53,2023-05
2023-04-21,East,Smartphone,Home Office,14.0,858.83,0.05,33.52,0.3,0,11422.44,2023-04
2023-08-16,North,Monitor,Consumer,12.0,679.79,0.15,46.16,0.18,0,6933.86,2023-08
2023-04-21,South,Monitor,Consumer,11.0,685.65,0.15,14.39,0.12,0,6410.83,2023-04
2023-02-03,East,Smartphone,Home Office,10.0,880.14,0.1,34.94,0.12,0,7921.26,2023-02
2023-04-21,East,Laptop,Home Office,8.0,904.58,0.15,8.54,0.22,0,6151.14,2023-04
2023-09-21,South,Smartphone,Consumer,16.0,927.81,0.05,32.17,0.22,0,14102.71,2023-09
2023-08-24,West,Desktop,Home Office,11.0,185.36,0.05,12.38,0.18,0,1937.01,2023-08
2023-03-24,South,Monitor,Corporate,7.0,589.71,0.0,38.12,0.19,0,4127.97,2023-03
2023-02-11,South,Tablet,Corporate,14.0,,0.0,18.56,0.11,0,10730.44,2023-02
2023-04-11,North,Desktop,Home Office,10.0,781.23,0.1,,0.2,0,7031.07,2023-04
2023-01-06,North,Monitor,Home Office,9.0,646.04,0.05,31.97,0.2,0,5523.64,2023-01
2023-06-29,West,Smartphone,Consumer,16.0,250.11,0.05,12.71,0.13,0,3801.67,2023-06
2023-10-09,East,Desktop,Home Office,6.0,817.68,0.05,38.37,0.12,0,4660.78,2023-10
2023-11-16,South,Monitor,Consumer,13.0,748.1,0.1,18.62,0.12,0,8752.77,2023-11
2023-08-14,West,Laptop,Corporate,14.0,177.52,0.05,34.81,0.12,0,2361.02,2023-08
2023-11-11,North,Laptop,Home Office,15.0,517.43,0.0,12.12,0.22,0,7761.45,2023-11
2023-12-31,South,Tablet,Consumer,6.0,256.58,0.1,35.97,0.14,0,1385.53,2023-12
2023-08-17,East,Monitor,Consumer,8.0,403.73,0.0,10.77,0.15,0,3229.84,2023-08
2023-10-16,North,Laptop,Corporate,13.0,116.27,0.0,,0.13,0,1511.51,2023-10
2023-05-30,North,Smartphone,Home Office,7.0,460.3,0.1,16.12,0.29,0,2899.89,2023-05
2023-10-04,North,Monitor,Corporate,10.0,594.89,0.15,38.68,0.27,0,5056.56,2023-10
2023-07-17,West,Smartphone,Consumer,6.0,657.62,0.15,16.79,0.15,0,3353.86,2023-07
2023-03-11,East,Smartphone,Consumer,13.0,697.14,0.0,44.68,0.17,1,9062.82,2023-03
2023-04-22,South,Laptop,Home Office,11.0,852.66,0.15,45.13,0.14,0,7972.37,2023-04
2023-01-04,West,Monitor,Consumer,5.0,293.92,0.05,13.84,0.2,0,1396.12,2023-01
2023-12-16,West,Desktop,Home Office,15.0,208.43,0.1,32.62,0.1,0,2813.8,2023-12
2023-11-27,West,Laptop,Corporate,14.0,866.38,0.0,8.95,0.23,0,12129.32,2023-11
2023-11-14,North,Laptop,Home Office,16.0,240.95,0.05,22.62,0.2,1,3662.44,2023-11
2023-12-16,East,Monitor,Home Office,16.0,977.28,0.15,37.1,0.28,0,13291.01,2023-12
2023-04-05,West,Monitor,Consumer,9.0,858.28,0.05,34.67,0.13,0,7338.29,2023-04
2023-06-01,South,Smartphone,Consumer,8.0,550.79,0.15,33.11,0.26,0,3745.37,2023-06
2023-11-07,East,Monitor,Home Office,12.0,983.28,0.0,17.71,0.26,0,11799.36,2023-11
2023-05-17,South,Smartphone,Consumer,10.0,187.64,0.05,22.01,0.13,0,2852.13,2023-05
2023-09-04,East,Laptop,Consumer,4.0,372.76,0.1,9.63,0.18,1,1341.94,2023-09
2023-08-31,South,Tablet,Consumer,8.0,674.4,,,0.13,0,5395.2,2023-08
2023-01-31,North,Desktop,Home Office,9.0,415.01,0.05,27.67,0.15,0,3548.34,2023-01
2023-02-09,West,Laptop,Consumer,9.0,935.54,0.05,36.89,0.15,0,7998.87,2023-02
2023-08-17,South,Monitor,Home Office,7.0,159.06,0.15,,0.21,0,946.41,2023-08
2023-02-05,East,Desktop,Consumer,13.0,594.47,0.0,19.6,0.18,0,7728.11,2023-02
2023-08-11,West,Tablet,Corporate,11.0,631.78,0.0,20.04,0.29,0,6949.58,2023-08
2023-01-06,West,Tablet,Consumer,12.0,687.46,0.0,6.16,0.13,0,8249.52,2023-01
2023-11-18,East,Smartphone,Consumer,4.0,330.1,0.0,20.35,0.29,0,1320.4,2023-11
2023-08-08,South,Desktop,Home Office,10.0,428.11,0.15,41.15,0.15,1,3638.94,2023-08
2023-03-16,North,Smartphone,Home Office,8.0,859.31,0.1,45.38,0.25,0,6187.03,2023-03
2023-01-04,North,Laptop,Consumer,14.0,275.45,0.0,28.32,0.17,0,3856.3,2023-01
2023-12-01,South,Desktop,Corporate,11.0,844.18,0.15,25.5,0.13,0,7893.08,2023-12
2023-05-14,West,Laptop,Consumer,9.0,606.39,0.1,6.39,0.27,0,4911.76,2023-05
2023-04-28,West,Smartphone,Consumer,9.0,785.97,0.1,44.56,0.16,0,6366.36,2023-04
2023-04-04,West,Desktop,Corporate,12.0,742.25,0.15,,0.23,0,7570.95,2023-04
2023-03-03,West,Smartphone,Home Office,9.0,286.76,,47.51,0.21,0,2580.84,2023-03
2023-07-13,South,Desktop,Consumer,15.0,611.93,0.1,,0.19,0,8261.05,2023-07
2023-12-01,West,Smartphone,Home Office,11.0,880.95,,20.39,0.2,0,9690.45,2023-12
2023-07-22,East,Tablet,Home Office,14.0,488.9,0.0,46.59,0.25,0,6844.6,2023-07
2023-01-26,West,Smartphone,Corporate,10.0,969.93,,6.1,0.12,0,9214.33,2023-01
2023-06-22,North,Tablet,Corporate,10.0,,0.0,31.16,0.23,0,2534.95,2023-06
2023-10-27,West,Smartphone,Home Office,10.0,228.51,0.05,29.7,0.28,0,2170.84,2023-10
2023-05-13,South,Desktop,Consumer,10.0,450.49,0.1,14.87,0.11,0,4054.41,2023-05
2023-11-22,North,Desktop,Home Office,14.0,,0.15,24.3,0.13,0,11382.71,2023-11
2023-04-28,South,Desktop,Consumer,13.0,387.75,0.05,34.35,0.24,0,4788.71,2023-04
2023-11-20,South,Monitor,Consumer,10.0,881.29,0.15,37.72,0.19,0,7490.96,2023-11
2023-10-02,North,Laptop,Corporate,10.0,893.13,0.1,5.03,0.18,0,8038.17,2023-10
2023-07-31,South,Desktop,Consumer,8.0,415.17,0.0,47.16,0.13,0,3321.36,2023-07
2023-08-13,South,Tablet,Consumer,6.0,,0.1,12.4,0.2,0,944.62,2023-08
2023-01-20,West,Desktop,Home Office,13.0,752.1,0.15,15.51,0.13,0,8310.7,2023-01
2023-04-23,East,Monitor,Corporate,7.0,380.36,0.1,16.86,0.2,0,2396.27,2023-04
2023-05-20,South,Tablet,Consumer,10.0,,0.0,6.7,0.25,0,8046.3,2023-05
2023-02-16,South,Monitor,Consumer,15.0,498.39,0.1,10.54,0.15,0,6728.26,2023-02
2023-01-01,South,Tablet,Corporate,3.0,536.74,0.0,49.39,0.2,0,1610.22,2023-01
2023-03-31,West,Smartphone,Home Office,12.0,800.12,0.05,19.18,0.3,0,9121.37,2023-03
2023-05-22,East,Laptop,Corporate,7.0,444.13,0.15,10.19,0.24,0,2642.57,2023-05
2023-11-16,North,Laptop,Corporate,6.0,498.81,0.0,9.81,0.27,0,2992.86,2023-11
2023-02-07,West,Monitor,Consumer,11.0,438.57,0.0,37.38,0.18,0,4824.27,2023-02
2023-10-20,West,Laptop,Consumer,15.0,430.61,0.1,43.46,0.25,0,5813.24,2023-10
2023-05-19,East,Monitor,Home Office,10.0,573.35,0.05,16.56,0.11,1,5446.82,2023-05
2023-12-22,East,Monitor,Consumer,9.0,827.92,0.0,5.94,0.12,0,7451.28,2023-12
2023-11-29,West,Monitor,Consumer,15.0,425.59,0.05,15.04,0.14,0,6064.66,2023-11
